unique_instrument_id,windcode,windcode_simp
CFFEX|F|IC|2501,IC2501.CFE,IC501.CFE
CFFEX|F|IC|2502,IC2502.CFE,IC502.CFE
CFFEX|F|IC|2503,IC2503.CFE,IC503.CFE
CFFEX|F|IC|2504,IC2504.CFE,IC504.CFE
CFFEX|F|IC|2505,IC2505.CFE,IC505.CFE
CFFEX|F|IC|2506,IC2506.CFE,IC506.CFE
CFFEX|F|IC|2507,IC2507.CFE,IC507.CFE
CFFEX|F|IC|2508,IC2508.CFE,IC508.CFE
CFFEX|F|IC|2509,IC2509.CFE,IC509.CFE
CFFEX|F|IC|2510,IC2510.CFE,IC510.CFE
CFFEX|F|IC|2511,IC2511.CFE,IC511.CFE
CFFEX|F|IC|2512,IC2512.CFE,IC512.CFE
CFFEX|F|IC|2601,IC2601.CFE,IC601.CFE
CFFEX|F|IC|2603,IC2603.CFE,IC603.CFE
CFFEX|F|IC|2606,IC2606.CFE,IC606.CFE
CFFEX|F|IF|2501,IF2501.CFE,IF501.CFE
CFFEX|F|IF|2502,IF2502.CFE,IF502.CFE
CFFEX|F|IF|2503,IF2503.CFE,IF503.CFE
CFFEX|F|IF|2504,IF2504.CFE,IF504.CFE
CFFEX|F|IF|2505,IF2505.CFE,IF505.CFE
CFFEX|F|IF|2506,IF2506.CFE,IF506.CFE
CFFEX|F|IF|2507,IF2507.CFE,IF507.CFE
CFFEX|F|IF|2508,IF2508.CFE,IF508.CFE
CFFEX|F|IF|2509,IF2509.CFE,IF509.CFE
CFFEX|F|IF|2510,IF2510.CFE,IF510.CFE
CFFEX|F|IF|2511,IF2511.CFE,IF511.CFE
CFFEX|F|IF|2512,IF2512.CFE,IF512.CFE
CFFEX|F|IF|2601,IF2601.CFE,IF601.CFE
CFFEX|F|IF|2603,IF2603.CFE,IF603.CFE
CFFEX|F|IF|2606,IF2606.CFE,IF606.CFE
CFFEX|F|IH|2501,IH2501.CFE,IH501.CFE
CFFEX|F|IH|2502,IH2502.CFE,IH502.CFE
CFFEX|F|IH|2503,IH2503.CFE,IH503.CFE
CFFEX|F|IH|2504,IH2504.CFE,IH504.CFE
CFFEX|F|IH|2505,IH2505.CFE,IH505.CFE
CFFEX|F|IH|2506,IH2506.CFE,IH506.CFE
CFFEX|F|IH|2507,IH2507.CFE,IH507.CFE
CFFEX|F|IH|2508,IH2508.CFE,IH508.CFE
CFFEX|F|IH|2509,IH2509.CFE,IH509.CFE
CFFEX|F|IH|2510,IH2510.CFE,IH510.CFE
CFFEX|F|IH|2511,IH2511.CFE,IH511.CFE
CFFEX|F|IH|2512,IH2512.CFE,IH512.CFE
CFFEX|F|IH|2601,IH2601.CFE,IH601.CFE
CFFEX|F|IH|2603,IH2603.CFE,IH603.CFE
CFFEX|F|IH|2606,IH2606.CFE,IH606.CFE
CFFEX|F|IM|2501,IM2501.CFE,IM501.CFE
CFFEX|F|IM|2502,IM2502.CFE,IM502.CFE
CFFEX|F|IM|2503,IM2503.CFE,IM503.CFE
CFFEX|F|IM|2504,IM2504.CFE,IM504.CFE
CFFEX|F|IM|2505,IM2505.CFE,IM505.CFE
CFFEX|F|IM|2506,IM2506.CFE,IM506.CFE
CFFEX|F|IM|2507,IM2507.CFE,IM507.CFE
CFFEX|F|IM|2508,IM2508.CFE,IM508.CFE
CFFEX|F|IM|2509,IM2509.CFE,IM509.CFE
CFFEX|F|IM|2510,IM2510.CFE,IM510.CFE
CFFEX|F|IM|2511,IM2511.CFE,IM511.CFE
CFFEX|F|IM|2512,IM2512.CFE,IM512.CFE
CFFEX|F|IM|2601,IM2601.CFE,IM601.CFE
CFFEX|F|IM|2603,IM2603.CFE,IM603.CFE
CFFEX|F|IM|2606,IM2606.CFE,IM606.CFE
CFFEX|F|TF|2503,TF2503.CFE,TF503.CFE
CFFEX|F|TF|2506,TF2506.CFE,TF506.CFE
CFFEX|F|TF|2509,TF2509.CFE,TF509.CFE
CFFEX|F|TF|2512,TF2512.CFE,TF512.CFE
CFFEX|F|TF|2603,TF2603.CFE,TF603.CFE
CFFEX|F|TF|2606,TF2606.CFE,TF606.CFE
CFFEX|F|TL|2503,TL2503.CFE,TL503.CFE
CFFEX|F|TL|2506,TL2506.CFE,TL506.CFE
CFFEX|F|TL|2509,TL2509.CFE,TL509.CFE
CFFEX|F|TL|2512,TL2512.CFE,TL512.CFE
CFFEX|F|TL|2603,TL2603.CFE,TL603.CFE
CFFEX|F|TL|2606,TL2606.CFE,TL606.CFE
CFFEX|F|TS|2503,TS2503.CFE,TS503.CFE
CFFEX|F|TS|2506,TS2506.CFE,TS506.CFE
CFFEX|F|TS|2509,TS2509.CFE,TS509.CFE
CFFEX|F|TS|2512,TS2512.CFE,TS512.CFE
CFFEX|F|TS|2603,TS2603.CFE,TS603.CFE
CFFEX|F|TS|2606,TS2606.CFE,TS606.CFE
CFFEX|F|T|2503,T2503.CFE,T503.CFE
CFFEX|F|T|2506,T2506.CFE,T506.CFE
CFFEX|F|T|2509,T2509.CFE,T509.CFE
CFFEX|F|T|2512,T2512.CFE,T512.CFE
CFFEX|F|T|2603,T2603.CFE,T603.CFE
CFFEX|F|T|2606,T2606.CFE,T606.CFE
CZCE|F|AP|2501,AP2501.CZC,AP501.CZC
CZCE|F|AP|2503,AP2503.CZC,AP503.CZC
CZCE|F|AP|2504,AP2504.CZC,AP504.CZC
CZCE|F|AP|2505,AP2505.CZC,AP505.CZC
CZCE|F|AP|2510,AP2510.CZC,AP510.CZC
CZCE|F|AP|2511,AP2511.CZC,AP511.CZC
CZCE|F|AP|2512,AP2512.CZC,AP512.CZC
CZCE|F|AP|2601,AP2601.CZC,AP601.CZC
CZCE|F|AP|2603,AP2603.CZC,AP603.CZC
CZCE|F|AP|2604,AP2604.CZC,AP604.CZC
CZCE|F|AP|2605,AP2605.CZC,AP605.CZC
CZCE|F|AP|2610,AP2610.CZC,AP610.CZC
CZCE|F|AP|2611,AP2611.CZC,AP611.CZC
CZCE|F|CF|2501,CF2501.CZC,CF501.CZC
CZCE|F|CF|2503,CF2503.CZC,CF503.CZC
CZCE|F|CF|2505,CF2505.CZC,CF505.CZC
CZCE|F|CF|2507,CF2507.CZC,CF507.CZC
CZCE|F|CF|2509,CF2509.CZC,CF509.CZC
CZCE|F|CF|2511,CF2511.CZC,CF511.CZC
CZCE|F|CF|2601,CF2601.CZC,CF601.CZC
CZCE|F|CF|2603,CF2603.CZC,CF603.CZC
CZCE|F|CF|2605,CF2605.CZC,CF605.CZC
CZCE|F|CF|2607,CF2607.CZC,CF607.CZC
CZCE|F|CF|2609,CF2609.CZC,CF609.CZC
CZCE|F|CF|2611,CF2611.CZC,CF611.CZC
CZCE|F|CJ|2501,CJ2501.CZC,CJ501.CZC
CZCE|F|CJ|2503,CJ2503.CZC,CJ503.CZC
CZCE|F|CJ|2505,CJ2505.CZC,CJ505.CZC
CZCE|F|CJ|2507,CJ2507.CZC,CJ507.CZC
CZCE|F|CJ|2509,CJ2509.CZC,CJ509.CZC
CZCE|F|CJ|2512,CJ2512.CZC,CJ512.CZC
CZCE|F|CJ|2601,CJ2601.CZC,CJ601.CZC
CZCE|F|CJ|2603,CJ2603.CZC,CJ603.CZC
CZCE|F|CJ|2605,CJ2605.CZC,CJ605.CZC
CZCE|F|CJ|2607,CJ2607.CZC,CJ607.CZC
CZCE|F|CJ|2609,CJ2609.CZC,CJ609.CZC
CZCE|F|CY|2501,CY2501.CZC,CY501.CZC
CZCE|F|CY|2502,CY2502.CZC,CY502.CZC
CZCE|F|CY|2503,CY2503.CZC,CY503.CZC
CZCE|F|CY|2504,CY2504.CZC,CY504.CZC
CZCE|F|CY|2505,CY2505.CZC,CY505.CZC
CZCE|F|CY|2506,CY2506.CZC,CY506.CZC
CZCE|F|CY|2507,CY2507.CZC,CY507.CZC
CZCE|F|CY|2508,CY2508.CZC,CY508.CZC
CZCE|F|CY|2509,CY2509.CZC,CY509.CZC
CZCE|F|CY|2510,CY2510.CZC,CY510.CZC
CZCE|F|CY|2511,CY2511.CZC,CY511.CZC
CZCE|F|CY|2512,CY2512.CZC,CY512.CZC
CZCE|F|CY|2601,CY2601.CZC,CY601.CZC
CZCE|F|CY|2602,CY2602.CZC,CY602.CZC
CZCE|F|CY|2603,CY2603.CZC,CY603.CZC
CZCE|F|CY|2604,CY2604.CZC,CY604.CZC
CZCE|F|CY|2605,CY2605.CZC,CY605.CZC
CZCE|F|CY|2606,CY2606.CZC,CY606.CZC
CZCE|F|CY|2607,CY2607.CZC,CY607.CZC
CZCE|F|CY|2608,CY2608.CZC,CY608.CZC
CZCE|F|CY|2609,CY2609.CZC,CY609.CZC
CZCE|F|CY|2610,CY2610.CZC,CY610.CZC
CZCE|F|CY|2611,CY2611.CZC,CY611.CZC
CZCE|F|FG|2501,FG2501.CZC,FG501.CZC
CZCE|F|FG|2502,FG2502.CZC,FG502.CZC
CZCE|F|FG|2503,FG2503.CZC,FG503.CZC
CZCE|F|FG|2504,FG2504.CZC,FG504.CZC
CZCE|F|FG|2505,FG2505.CZC,FG505.CZC
CZCE|F|FG|2506,FG2506.CZC,FG506.CZC
CZCE|F|FG|2507,FG2507.CZC,FG507.CZC
CZCE|F|FG|2508,FG2508.CZC,FG508.CZC
CZCE|F|FG|2509,FG2509.CZC,FG509.CZC
CZCE|F|FG|2510,FG2510.CZC,FG510.CZC
CZCE|F|FG|2511,FG2511.CZC,FG511.CZC
CZCE|F|FG|2512,FG2512.CZC,FG512.CZC
CZCE|F|FG|2601,FG2601.CZC,FG601.CZC
CZCE|F|FG|2602,FG2602.CZC,FG602.CZC
CZCE|F|FG|2603,FG2603.CZC,FG603.CZC
CZCE|F|FG|2604,FG2604.CZC,FG604.CZC
CZCE|F|FG|2605,FG2605.CZC,FG605.CZC
CZCE|F|FG|2606,FG2606.CZC,FG606.CZC
CZCE|F|FG|2607,FG2607.CZC,FG607.CZC
CZCE|F|FG|2608,FG2608.CZC,FG608.CZC
CZCE|F|FG|2609,FG2609.CZC,FG609.CZC
CZCE|F|FG|2610,FG2610.CZC,FG610.CZC
CZCE|F|FG|2611,FG2611.CZC,FG611.CZC
CZCE|F|JR|2501,JR2501.CZC,JR501.CZC
CZCE|F|JR|2503,JR2503.CZC,JR503.CZC
CZCE|F|JR|2505,JR2505.CZC,JR505.CZC
CZCE|F|JR|2507,JR2507.CZC,JR507.CZC
CZCE|F|JR|2509,JR2509.CZC,JR509.CZC
CZCE|F|JR|2511,JR2511.CZC,JR511.CZC
CZCE|F|JR|2601,JR2601.CZC,JR601.CZC
CZCE|F|JR|2603,JR2603.CZC,JR603.CZC
CZCE|F|JR|2605,JR2605.CZC,JR605.CZC
CZCE|F|JR|2607,JR2607.CZC,JR607.CZC
CZCE|F|JR|2609,JR2609.CZC,JR609.CZC
CZCE|F|JR|2611,JR2611.CZC,JR611.CZC
CZCE|F|LR|2501,LR2501.CZC,LR501.CZC
CZCE|F|LR|2503,LR2503.CZC,LR503.CZC
CZCE|F|LR|2505,LR2505.CZC,LR505.CZC
CZCE|F|LR|2507,LR2507.CZC,LR507.CZC
CZCE|F|LR|2509,LR2509.CZC,LR509.CZC
CZCE|F|LR|2511,LR2511.CZC,LR511.CZC
CZCE|F|LR|2601,LR2601.CZC,LR601.CZC
CZCE|F|MA|2501,MA2501.CZC,MA501.CZC
CZCE|F|MA|2502,MA2502.CZC,MA502.CZC
CZCE|F|MA|2503,MA2503.CZC,MA503.CZC
CZCE|F|MA|2504,MA2504.CZC,MA504.CZC
CZCE|F|MA|2505,MA2505.CZC,MA505.CZC
CZCE|F|MA|2506,MA2506.CZC,MA506.CZC
CZCE|F|MA|2507,MA2507.CZC,MA507.CZC
CZCE|F|MA|2508,MA2508.CZC,MA508.CZC
CZCE|F|MA|2509,MA2509.CZC,MA509.CZC
CZCE|F|MA|2510,MA2510.CZC,MA510.CZC
CZCE|F|MA|2511,MA2511.CZC,MA511.CZC
CZCE|F|MA|2512,MA2512.CZC,MA512.CZC
CZCE|F|MA|2601,MA2601.CZC,MA601.CZC
CZCE|F|MA|2602,MA2602.CZC,MA602.CZC
CZCE|F|MA|2603,MA2603.CZC,MA603.CZC
CZCE|F|MA|2604,MA2604.CZC,MA604.CZC
CZCE|F|MA|2605,MA2605.CZC,MA605.CZC
CZCE|F|MA|2606,MA2606.CZC,MA606.CZC
CZCE|F|MA|2607,MA2607.CZC,MA607.CZC
CZCE|F|MA|2608,MA2608.CZC,MA608.CZC
CZCE|F|MA|2609,MA2609.CZC,MA609.CZC
CZCE|F|MA|2610,MA2610.CZC,MA610.CZC
CZCE|F|MA|2611,MA2611.CZC,MA611.CZC
CZCE|F|OI|2501,OI2501.CZC,OI501.CZC
CZCE|F|OI|2503,OI2503.CZC,OI503.CZC
CZCE|F|OI|2505,OI2505.CZC,OI505.CZC
CZCE|F|OI|2507,OI2507.CZC,OI507.CZC
CZCE|F|OI|2509,OI2509.CZC,OI509.CZC
CZCE|F|OI|2511,OI2511.CZC,OI511.CZC
CZCE|F|OI|2601,OI2601.CZC,OI601.CZC
CZCE|F|OI|2603,OI2603.CZC,OI603.CZC
CZCE|F|OI|2605,OI2605.CZC,OI605.CZC
CZCE|F|OI|2607,OI2607.CZC,OI607.CZC
CZCE|F|OI|2609,OI2609.CZC,OI609.CZC
CZCE|F|OI|2611,OI2611.CZC,OI611.CZC
CZCE|F|PF|2501,PF2501.CZC,PF501.CZC
CZCE|F|PF|2502,PF2502.CZC,PF502.CZC
CZCE|F|PF|2503,PF2503.CZC,PF503.CZC
CZCE|F|PF|2504,PF2504.CZC,PF504.CZC
CZCE|F|PF|2505,PF2505.CZC,PF505.CZC
CZCE|F|PF|2506,PF2506.CZC,PF506.CZC
CZCE|F|PF|2507,PF2507.CZC,PF507.CZC
CZCE|F|PF|2508,PF2508.CZC,PF508.CZC
CZCE|F|PF|2509,PF2509.CZC,PF509.CZC
CZCE|F|PF|2510,PF2510.CZC,PF510.CZC
CZCE|F|PF|2511,PF2511.CZC,PF511.CZC
CZCE|F|PF|2512,PF2512.CZC,PF512.CZC
CZCE|F|PF|2601,PF2601.CZC,PF601.CZC
CZCE|F|PF|2602,PF2602.CZC,PF602.CZC
CZCE|F|PF|2603,PF2603.CZC,PF603.CZC
CZCE|F|PF|2604,PF2604.CZC,PF604.CZC
CZCE|F|PF|2605,PF2605.CZC,PF605.CZC
CZCE|F|PF|2606,PF2606.CZC,PF606.CZC
CZCE|F|PF|2607,PF2607.CZC,PF607.CZC
CZCE|F|PF|2608,PF2608.CZC,PF608.CZC
CZCE|F|PF|2609,PF2609.CZC,PF609.CZC
CZCE|F|PF|2610,PF2610.CZC,PF610.CZC
CZCE|F|PF|2611,PF2611.CZC,PF611.CZC
CZCE|F|PK|2501,PK2501.CZC,PK501.CZC
CZCE|F|PK|2503,PK2503.CZC,PK503.CZC
CZCE|F|PK|2504,PK2504.CZC,PK504.CZC
CZCE|F|PK|2505,PK2505.CZC,PK505.CZC
CZCE|F|PK|2510,PK2510.CZC,PK510.CZC
CZCE|F|PK|2511,PK2511.CZC,PK511.CZC
CZCE|F|PK|2512,PK2512.CZC,PK512.CZC
CZCE|F|PK|2601,PK2601.CZC,PK601.CZC
CZCE|F|PK|2603,PK2603.CZC,PK603.CZC
CZCE|F|PK|2604,PK2604.CZC,PK604.CZC
CZCE|F|PK|2605,PK2605.CZC,PK605.CZC
CZCE|F|PK|2610,PK2610.CZC,PK610.CZC
CZCE|F|PK|2611,PK2611.CZC,PK611.CZC
CZCE|F|PL|2601,PL2601.CZC,PL601.CZC
CZCE|F|PL|2602,PL2602.CZC,PL602.CZC
CZCE|F|PL|2603,PL2603.CZC,PL603.CZC
CZCE|F|PL|2604,PL2604.CZC,PL604.CZC
CZCE|F|PL|2605,PL2605.CZC,PL605.CZC
CZCE|F|PL|2606,PL2606.CZC,PL606.CZC
CZCE|F|PL|2607,PL2607.CZC,PL607.CZC
CZCE|F|PL|2608,PL2608.CZC,PL608.CZC
CZCE|F|PL|2609,PL2609.CZC,PL609.CZC
CZCE|F|PL|2610,PL2610.CZC,PL610.CZC
CZCE|F|PL|2611,PL2611.CZC,PL611.CZC
CZCE|F|PM|2501,PM2501.CZC,PM501.CZC
CZCE|F|PM|2503,PM2503.CZC,PM503.CZC
CZCE|F|PM|2505,PM2505.CZC,PM505.CZC
CZCE|F|PM|2507,PM2507.CZC,PM507.CZC
CZCE|F|PM|2509,PM2509.CZC,PM509.CZC
CZCE|F|PM|2511,PM2511.CZC,PM511.CZC
CZCE|F|PM|2601,PM2601.CZC,PM601.CZC
CZCE|F|PM|2603,PM2603.CZC,PM603.CZC
CZCE|F|PM|2605,PM2605.CZC,PM605.CZC
CZCE|F|PM|2607,PM2607.CZC,PM607.CZC
CZCE|F|PM|2609,PM2609.CZC,PM609.CZC
CZCE|F|PM|2611,PM2611.CZC,PM611.CZC
CZCE|F|PR|2503,PR2503.CZC,PR503.CZC
CZCE|F|PR|2504,PR2504.CZC,PR504.CZC
CZCE|F|PR|2505,PR2505.CZC,PR505.CZC
CZCE|F|PR|2506,PR2506.CZC,PR506.CZC
CZCE|F|PR|2507,PR2507.CZC,PR507.CZC
CZCE|F|PR|2508,PR2508.CZC,PR508.CZC
CZCE|F|PR|2509,PR2509.CZC,PR509.CZC
CZCE|F|PR|2510,PR2510.CZC,PR510.CZC
CZCE|F|PR|2511,PR2511.CZC,PR511.CZC
CZCE|F|PR|2512,PR2512.CZC,PR512.CZC
CZCE|F|PR|2601,PR2601.CZC,PR601.CZC
CZCE|F|PR|2602,PR2602.CZC,PR602.CZC
CZCE|F|PR|2603,PR2603.CZC,PR603.CZC
CZCE|F|PR|2604,PR2604.CZC,PR604.CZC
CZCE|F|PR|2605,PR2605.CZC,PR605.CZC
CZCE|F|PR|2606,PR2606.CZC,PR606.CZC
CZCE|F|PR|2607,PR2607.CZC,PR607.CZC
CZCE|F|PR|2608,PR2608.CZC,PR608.CZC
CZCE|F|PR|2609,PR2609.CZC,PR609.CZC
CZCE|F|PR|2610,PR2610.CZC,PR610.CZC
CZCE|F|PR|2611,PR2611.CZC,PR611.CZC
CZCE|F|PX|2501,PX2501.CZC,PX501.CZC
CZCE|F|PX|2502,PX2502.CZC,PX502.CZC
CZCE|F|PX|2503,PX2503.CZC,PX503.CZC
CZCE|F|PX|2504,PX2504.CZC,PX504.CZC
CZCE|F|PX|2505,PX2505.CZC,PX505.CZC
CZCE|F|PX|2506,PX2506.CZC,PX506.CZC
CZCE|F|PX|2507,PX2507.CZC,PX507.CZC
CZCE|F|PX|2508,PX2508.CZC,PX508.CZC
CZCE|F|PX|2509,PX2509.CZC,PX509.CZC
CZCE|F|PX|2510,PX2510.CZC,PX510.CZC
CZCE|F|PX|2511,PX2511.CZC,PX511.CZC
CZCE|F|PX|2512,PX2512.CZC,PX512.CZC
CZCE|F|PX|2601,PX2601.CZC,PX601.CZC
CZCE|F|PX|2602,PX2602.CZC,PX602.CZC
CZCE|F|PX|2603,PX2603.CZC,PX603.CZC
CZCE|F|PX|2604,PX2604.CZC,PX604.CZC
CZCE|F|PX|2605,PX2605.CZC,PX605.CZC
CZCE|F|PX|2606,PX2606.CZC,PX606.CZC
CZCE|F|PX|2607,PX2607.CZC,PX607.CZC
CZCE|F|PX|2608,PX2608.CZC,PX608.CZC
CZCE|F|PX|2609,PX2609.CZC,PX609.CZC
CZCE|F|PX|2610,PX2610.CZC,PX610.CZC
CZCE|F|PX|2611,PX2611.CZC,PX611.CZC
CZCE|F|RI|2501,RI2501.CZC,RI501.CZC
CZCE|F|RI|2503,RI2503.CZC,RI503.CZC
CZCE|F|RI|2505,RI2505.CZC,RI505.CZC
CZCE|F|RI|2507,RI2507.CZC,RI507.CZC
CZCE|F|RI|2509,RI2509.CZC,RI509.CZC
CZCE|F|RI|2511,RI2511.CZC,RI511.CZC
CZCE|F|RI|2601,RI2601.CZC,RI601.CZC
CZCE|F|RI|2603,RI2603.CZC,RI603.CZC
CZCE|F|RI|2605,RI2605.CZC,RI605.CZC
CZCE|F|RI|2607,RI2607.CZC,RI607.CZC
CZCE|F|RI|2609,RI2609.CZC,RI609.CZC
CZCE|F|RI|2611,RI2611.CZC,RI611.CZC
CZCE|F|RM|2501,RM2501.CZC,RM501.CZC
CZCE|F|RM|2503,RM2503.CZC,RM503.CZC
CZCE|F|RM|2505,RM2505.CZC,RM505.CZC
CZCE|F|RM|2507,RM2507.CZC,RM507.CZC
CZCE|F|RM|2508,RM2508.CZC,RM508.CZC
CZCE|F|RM|2509,RM2509.CZC,RM509.CZC
CZCE|F|RM|2511,RM2511.CZC,RM511.CZC
CZCE|F|RM|2601,RM2601.CZC,RM601.CZC
CZCE|F|RM|2603,RM2603.CZC,RM603.CZC
CZCE|F|RM|2605,RM2605.CZC,RM605.CZC
CZCE|F|RM|2607,RM2607.CZC,RM607.CZC
CZCE|F|RM|2608,RM2608.CZC,RM608.CZC
CZCE|F|RM|2609,RM2609.CZC,RM609.CZC
CZCE|F|RM|2611,RM2611.CZC,RM611.CZC
CZCE|F|RS|2507,RS2507.CZC,RS507.CZC
CZCE|F|RS|2508,RS2508.CZC,RS508.CZC
CZCE|F|RS|2509,RS2509.CZC,RS509.CZC
CZCE|F|RS|2511,RS2511.CZC,RS511.CZC
CZCE|F|RS|2607,RS2607.CZC,RS607.CZC
CZCE|F|RS|2608,RS2608.CZC,RS608.CZC
CZCE|F|RS|2609,RS2609.CZC,RS609.CZC
CZCE|F|RS|2611,RS2611.CZC,RS611.CZC
CZCE|F|SA|2501,SA2501.CZC,SA501.CZC
CZCE|F|SA|2502,SA2502.CZC,SA502.CZC
CZCE|F|SA|2503,SA2503.CZC,SA503.CZC
CZCE|F|SA|2504,SA2504.CZC,SA504.CZC
CZCE|F|SA|2505,SA2505.CZC,SA505.CZC
CZCE|F|SA|2506,SA2506.CZC,SA506.CZC
CZCE|F|SA|2507,SA2507.CZC,SA507.CZC
CZCE|F|SA|2508,SA2508.CZC,SA508.CZC
CZCE|F|SA|2509,SA2509.CZC,SA509.CZC
CZCE|F|SA|2510,SA2510.CZC,SA510.CZC
CZCE|F|SA|2511,SA2511.CZC,SA511.CZC
CZCE|F|SA|2512,SA2512.CZC,SA512.CZC
CZCE|F|SA|2601,SA2601.CZC,SA601.CZC
CZCE|F|SA|2602,SA2602.CZC,SA602.CZC
CZCE|F|SA|2603,SA2603.CZC,SA603.CZC
CZCE|F|SA|2604,SA2604.CZC,SA604.CZC
CZCE|F|SA|2605,SA2605.CZC,SA605.CZC
CZCE|F|SA|2606,SA2606.CZC,SA606.CZC
CZCE|F|SA|2607,SA2607.CZC,SA607.CZC
CZCE|F|SA|2608,SA2608.CZC,SA608.CZC
CZCE|F|SA|2609,SA2609.CZC,SA609.CZC
CZCE|F|SA|2610,SA2610.CZC,SA610.CZC
CZCE|F|SA|2611,SA2611.CZC,SA611.CZC
CZCE|F|SF|2501,SF2501.CZC,SF501.CZC
CZCE|F|SF|2502,SF2502.CZC,SF502.CZC
CZCE|F|SF|2503,SF2503.CZC,SF503.CZC
CZCE|F|SF|2504,SF2504.CZC,SF504.CZC
CZCE|F|SF|2505,SF2505.CZC,SF505.CZC
CZCE|F|SF|2506,SF2506.CZC,SF506.CZC
CZCE|F|SF|2507,SF2507.CZC,SF507.CZC
CZCE|F|SF|2508,SF2508.CZC,SF508.CZC
CZCE|F|SF|2509,SF2509.CZC,SF509.CZC
CZCE|F|SF|2510,SF2510.CZC,SF510.CZC
CZCE|F|SF|2511,SF2511.CZC,SF511.CZC
CZCE|F|SF|2512,SF2512.CZC,SF512.CZC
CZCE|F|SF|2601,SF2601.CZC,SF601.CZC
CZCE|F|SF|2602,SF2602.CZC,SF602.CZC
CZCE|F|SF|2603,SF2603.CZC,SF603.CZC
CZCE|F|SF|2604,SF2604.CZC,SF604.CZC
CZCE|F|SF|2605,SF2605.CZC,SF605.CZC
CZCE|F|SF|2606,SF2606.CZC,SF606.CZC
CZCE|F|SF|2607,SF2607.CZC,SF607.CZC
CZCE|F|SF|2608,SF2608.CZC,SF608.CZC
CZCE|F|SF|2609,SF2609.CZC,SF609.CZC
CZCE|F|SF|2610,SF2610.CZC,SF610.CZC
CZCE|F|SF|2611,SF2611.CZC,SF611.CZC
CZCE|F|SH|2501,SH2501.CZC,SH501.CZC
CZCE|F|SH|2502,SH2502.CZC,SH502.CZC
CZCE|F|SH|2503,SH2503.CZC,SH503.CZC
CZCE|F|SH|2504,SH2504.CZC,SH504.CZC
CZCE|F|SH|2505,SH2505.CZC,SH505.CZC
CZCE|F|SH|2506,SH2506.CZC,SH506.CZC
CZCE|F|SH|2507,SH2507.CZC,SH507.CZC
CZCE|F|SH|2508,SH2508.CZC,SH508.CZC
CZCE|F|SH|2509,SH2509.CZC,SH509.CZC
CZCE|F|SH|2510,SH2510.CZC,SH510.CZC
CZCE|F|SH|2511,SH2511.CZC,SH511.CZC
CZCE|F|SH|2512,SH2512.CZC,SH512.CZC
CZCE|F|SH|2601,SH2601.CZC,SH601.CZC
CZCE|F|SH|2602,SH2602.CZC,SH602.CZC
CZCE|F|SH|2603,SH2603.CZC,SH603.CZC
CZCE|F|SH|2604,SH2604.CZC,SH604.CZC
CZCE|F|SH|2605,SH2605.CZC,SH605.CZC
CZCE|F|SH|2606,SH2606.CZC,SH606.CZC
CZCE|F|SH|2607,SH2607.CZC,SH607.CZC
CZCE|F|SH|2608,SH2608.CZC,SH608.CZC
CZCE|F|SH|2609,SH2609.CZC,SH609.CZC
CZCE|F|SH|2610,SH2610.CZC,SH610.CZC
CZCE|F|SH|2611,SH2611.CZC,SH611.CZC
CZCE|F|SM|2501,SM2501.CZC,SM501.CZC
CZCE|F|SM|2502,SM2502.CZC,SM502.CZC
CZCE|F|SM|2503,SM2503.CZC,SM503.CZC
CZCE|F|SM|2504,SM2504.CZC,SM504.CZC
CZCE|F|SM|2505,SM2505.CZC,SM505.CZC
CZCE|F|SM|2506,SM2506.CZC,SM506.CZC
CZCE|F|SM|2507,SM2507.CZC,SM507.CZC
CZCE|F|SM|2508,SM2508.CZC,SM508.CZC
CZCE|F|SM|2509,SM2509.CZC,SM509.CZC
CZCE|F|SM|2510,SM2510.CZC,SM510.CZC
CZCE|F|SM|2511,SM2511.CZC,SM511.CZC
CZCE|F|SM|2512,SM2512.CZC,SM512.CZC
CZCE|F|SM|2601,SM2601.CZC,SM601.CZC
CZCE|F|SM|2602,SM2602.CZC,SM602.CZC
CZCE|F|SM|2603,SM2603.CZC,SM603.CZC
CZCE|F|SM|2604,SM2604.CZC,SM604.CZC
CZCE|F|SM|2605,SM2605.CZC,SM605.CZC
CZCE|F|SM|2606,SM2606.CZC,SM606.CZC
CZCE|F|SM|2607,SM2607.CZC,SM607.CZC
CZCE|F|SM|2608,SM2608.CZC,SM608.CZC
CZCE|F|SM|2609,SM2609.CZC,SM609.CZC
CZCE|F|SM|2610,SM2610.CZC,SM610.CZC
CZCE|F|SM|2611,SM2611.CZC,SM611.CZC
CZCE|F|SR|2501,SR2501.CZC,SR501.CZC
CZCE|F|SR|2503,SR2503.CZC,SR503.CZC
CZCE|F|SR|2505,SR2505.CZC,SR505.CZC
CZCE|F|SR|2507,SR2507.CZC,SR507.CZC
CZCE|F|SR|2509,SR2509.CZC,SR509.CZC
CZCE|F|SR|2511,SR2511.CZC,SR511.CZC
CZCE|F|SR|2601,SR2601.CZC,SR601.CZC
CZCE|F|SR|2603,SR2603.CZC,SR603.CZC
CZCE|F|SR|2605,SR2605.CZC,SR605.CZC
CZCE|F|SR|2607,SR2607.CZC,SR607.CZC
CZCE|F|SR|2609,SR2609.CZC,SR609.CZC
CZCE|F|SR|2611,SR2611.CZC,SR611.CZC
CZCE|F|TA|2501,TA2501.CZC,TA501.CZC
CZCE|F|TA|2502,TA2502.CZC,TA502.CZC
CZCE|F|TA|2503,TA2503.CZC,TA503.CZC
CZCE|F|TA|2504,TA2504.CZC,TA504.CZC
CZCE|F|TA|2505,TA2505.CZC,TA505.CZC
CZCE|F|TA|2506,TA2506.CZC,TA506.CZC
CZCE|F|TA|2507,TA2507.CZC,TA507.CZC
CZCE|F|TA|2508,TA2508.CZC,TA508.CZC
CZCE|F|TA|2509,TA2509.CZC,TA509.CZC
CZCE|F|TA|2510,TA2510.CZC,TA510.CZC
CZCE|F|TA|2511,TA2511.CZC,TA511.CZC
CZCE|F|TA|2512,TA2512.CZC,TA512.CZC
CZCE|F|TA|2601,TA2601.CZC,TA601.CZC
CZCE|F|TA|2602,TA2602.CZC,TA602.CZC
CZCE|F|TA|2603,TA2603.CZC,TA603.CZC
CZCE|F|TA|2604,TA2604.CZC,TA604.CZC
CZCE|F|TA|2605,TA2605.CZC,TA605.CZC
CZCE|F|TA|2606,TA2606.CZC,TA606.CZC
CZCE|F|TA|2607,TA2607.CZC,TA607.CZC
CZCE|F|TA|2608,TA2608.CZC,TA608.CZC
CZCE|F|TA|2609,TA2609.CZC,TA609.CZC
CZCE|F|TA|2610,TA2610.CZC,TA610.CZC
CZCE|F|TA|2611,TA2611.CZC,TA611.CZC
CZCE|F|UR|2501,UR2501.CZC,UR501.CZC
CZCE|F|UR|2502,UR2502.CZC,UR502.CZC
CZCE|F|UR|2503,UR2503.CZC,UR503.CZC
CZCE|F|UR|2504,UR2504.CZC,UR504.CZC
CZCE|F|UR|2505,UR2505.CZC,UR505.CZC
CZCE|F|UR|2506,UR2506.CZC,UR506.CZC
CZCE|F|UR|2507,UR2507.CZC,UR507.CZC
CZCE|F|UR|2508,UR2508.CZC,UR508.CZC
CZCE|F|UR|2509,UR2509.CZC,UR509.CZC
CZCE|F|UR|2510,UR2510.CZC,UR510.CZC
CZCE|F|UR|2511,UR2511.CZC,UR511.CZC
CZCE|F|UR|2512,UR2512.CZC,UR512.CZC
CZCE|F|UR|2601,UR2601.CZC,UR601.CZC
CZCE|F|UR|2602,UR2602.CZC,UR602.CZC
CZCE|F|UR|2603,UR2603.CZC,UR603.CZC
CZCE|F|UR|2604,UR2604.CZC,UR604.CZC
CZCE|F|UR|2605,UR2605.CZC,UR605.CZC
CZCE|F|UR|2606,UR2606.CZC,UR606.CZC
CZCE|F|UR|2607,UR2607.CZC,UR607.CZC
CZCE|F|UR|2608,UR2608.CZC,UR608.CZC
CZCE|F|UR|2609,UR2609.CZC,UR609.CZC
CZCE|F|UR|2610,UR2610.CZC,UR610.CZC
CZCE|F|UR|2611,UR2611.CZC,UR611.CZC
CZCE|F|WH|2501,WH2501.CZC,WH501.CZC
CZCE|F|WH|2503,WH2503.CZC,WH503.CZC
CZCE|F|WH|2505,WH2505.CZC,WH505.CZC
CZCE|F|WH|2507,WH2507.CZC,WH507.CZC
CZCE|F|WH|2509,WH2509.CZC,WH509.CZC
CZCE|F|WH|2511,WH2511.CZC,WH511.CZC
CZCE|F|WH|2601,WH2601.CZC,WH601.CZC
CZCE|F|WH|2603,WH2603.CZC,WH603.CZC
CZCE|F|WH|2605,WH2605.CZC,WH605.CZC
CZCE|F|WH|2607,WH2607.CZC,WH607.CZC
CZCE|F|WH|2609,WH2609.CZC,WH609.CZC
CZCE|F|WH|2611,WH2611.CZC,WH611.CZC
CZCE|F|ZC|2501,ZC2501.CZC,ZC501.CZC
CZCE|F|ZC|2502,ZC2502.CZC,ZC502.CZC
CZCE|F|ZC|2503,ZC2503.CZC,ZC503.CZC
CZCE|F|ZC|2504,ZC2504.CZC,ZC504.CZC
CZCE|F|ZC|2505,ZC2505.CZC,ZC505.CZC
CZCE|F|ZC|2506,ZC2506.CZC,ZC506.CZC
CZCE|F|ZC|2507,ZC2507.CZC,ZC507.CZC
CZCE|F|ZC|2508,ZC2508.CZC,ZC508.CZC
CZCE|F|ZC|2509,ZC2509.CZC,ZC509.CZC
CZCE|F|ZC|2510,ZC2510.CZC,ZC510.CZC
CZCE|F|ZC|2511,ZC2511.CZC,ZC511.CZC
CZCE|F|ZC|2512,ZC2512.CZC,ZC512.CZC
CZCE|F|ZC|2601,ZC2601.CZC,ZC601.CZC
CZCE|F|ZC|2602,ZC2602.CZC,ZC602.CZC
CZCE|F|ZC|2603,ZC2603.CZC,ZC603.CZC
CZCE|F|ZC|2604,ZC2604.CZC,ZC604.CZC
CZCE|F|ZC|2605,ZC2605.CZC,ZC605.CZC
CZCE|F|ZC|2606,ZC2606.CZC,ZC606.CZC
CZCE|F|ZC|2607,ZC2607.CZC,ZC607.CZC
CZCE|F|ZC|2608,ZC2608.CZC,ZC608.CZC
CZCE|F|ZC|2609,ZC2609.CZC,ZC609.CZC
CZCE|F|ZC|2610,ZC2610.CZC,ZC610.CZC
CZCE|F|ZC|2611,ZC2611.CZC,ZC611.CZC
DCE|F|A|2501,A2501.DCE,A501.DCE
DCE|F|A|2503,A2503.DCE,A503.DCE
DCE|F|A|2505,A2505.DCE,A505.DCE
DCE|F|A|2507,A2507.DCE,A507.DCE
DCE|F|A|2509,A2509.DCE,A509.DCE
DCE|F|A|2511,A2511.DCE,A511.DCE
DCE|F|A|2601,A2601.DCE,A601.DCE
DCE|F|A|2603,A2603.DCE,A603.DCE
DCE|F|A|2605,A2605.DCE,A605.DCE
DCE|F|A|2607,A2607.DCE,A607.DCE
DCE|F|A|2609,A2609.DCE,A609.DCE
DCE|F|A|2611,A2611.DCE,A611.DCE
DCE|F|BB|2501,BB2501.DCE,BB501.DCE
DCE|F|BB|2502,BB2502.DCE,BB502.DCE
DCE|F|BB|2503,BB2503.DCE,BB503.DCE
DCE|F|BB|2504,BB2504.DCE,BB504.DCE
DCE|F|BB|2509,BB2509.DCE,BB509.DCE
DCE|F|BB|2511,BB2511.DCE,BB511.DCE
DCE|F|BB|2601,BB2601.DCE,BB601.DCE
DCE|F|BB|2603,BB2603.DCE,BB603.DCE
DCE|F|BB|2605,BB2605.DCE,BB605.DCE
DCE|F|BB|2607,BB2607.DCE,BB607.DCE
DCE|F|BB|2609,BB2609.DCE,BB609.DCE
DCE|F|BB|2611,BB2611.DCE,BB611.DCE
DCE|F|BZ|2603,BZ2603.DCE,BZ603.DCE
DCE|F|BZ|2604,BZ2604.DCE,BZ604.DCE
DCE|F|BZ|2605,BZ2605.DCE,BZ605.DCE
DCE|F|BZ|2606,BZ2606.DCE,BZ606.DCE
DCE|F|BZ|2607,BZ2607.DCE,BZ607.DCE
DCE|F|BZ|2608,BZ2608.DCE,BZ608.DCE
DCE|F|BZ|2609,BZ2609.DCE,BZ609.DCE
DCE|F|BZ|2610,BZ2610.DCE,BZ610.DCE
DCE|F|BZ|2611,BZ2611.DCE,BZ611.DCE
DCE|F|B|2501,B2501.DCE,B501.DCE
DCE|F|B|2502,B2502.DCE,B502.DCE
DCE|F|B|2503,B2503.DCE,B503.DCE
DCE|F|B|2504,B2504.DCE,B504.DCE
DCE|F|B|2505,B2505.DCE,B505.DCE
DCE|F|B|2506,B2506.DCE,B506.DCE
DCE|F|B|2507,B2507.DCE,B507.DCE
DCE|F|B|2508,B2508.DCE,B508.DCE
DCE|F|B|2509,B2509.DCE,B509.DCE
DCE|F|B|2510,B2510.DCE,B510.DCE
DCE|F|B|2511,B2511.DCE,B511.DCE
DCE|F|B|2512,B2512.DCE,B512.DCE
DCE|F|B|2601,B2601.DCE,B601.DCE
DCE|F|B|2602,B2602.DCE,B602.DCE
DCE|F|B|2603,B2603.DCE,B603.DCE
DCE|F|B|2604,B2604.DCE,B604.DCE
DCE|F|B|2605,B2605.DCE,B605.DCE
DCE|F|B|2606,B2606.DCE,B606.DCE
DCE|F|B|2607,B2607.DCE,B607.DCE
DCE|F|B|2608,B2608.DCE,B608.DCE
DCE|F|B|2609,B2609.DCE,B609.DCE
DCE|F|B|2610,B2610.DCE,B610.DCE
DCE|F|B|2611,B2611.DCE,B611.DCE
DCE|F|CS|2501,CS2501.DCE,CS501.DCE
DCE|F|CS|2503,CS2503.DCE,CS503.DCE
DCE|F|CS|2505,CS2505.DCE,CS505.DCE
DCE|F|CS|2507,CS2507.DCE,CS507.DCE
DCE|F|CS|2509,CS2509.DCE,CS509.DCE
DCE|F|CS|2511,CS2511.DCE,CS511.DCE
DCE|F|CS|2601,CS2601.DCE,CS601.DCE
DCE|F|CS|2603,CS2603.DCE,CS603.DCE
DCE|F|CS|2605,CS2605.DCE,CS605.DCE
DCE|F|CS|2607,CS2607.DCE,CS607.DCE
DCE|F|CS|2609,CS2609.DCE,CS609.DCE
DCE|F|CS|2611,CS2611.DCE,CS611.DCE
DCE|F|C|2501,C2501.DCE,C501.DCE
DCE|F|C|2503,C2503.DCE,C503.DCE
DCE|F|C|2505,C2505.DCE,C505.DCE
DCE|F|C|2507,C2507.DCE,C507.DCE
DCE|F|C|2509,C2509.DCE,C509.DCE
DCE|F|C|2511,C2511.DCE,C511.DCE
DCE|F|C|2601,C2601.DCE,C601.DCE
DCE|F|C|2603,C2603.DCE,C603.DCE
DCE|F|C|2605,C2605.DCE,C605.DCE
DCE|F|C|2607,C2607.DCE,C607.DCE
DCE|F|C|2609,C2609.DCE,C609.DCE
DCE|F|C|2611,C2611.DCE,C611.DCE
DCE|F|EB|2501,EB2501.DCE,EB501.DCE
DCE|F|EB|2502,EB2502.DCE,EB502.DCE
DCE|F|EB|2503,EB2503.DCE,EB503.DCE
DCE|F|EB|2504,EB2504.DCE,EB504.DCE
DCE|F|EB|2505,EB2505.DCE,EB505.DCE
DCE|F|EB|2506,EB2506.DCE,EB506.DCE
DCE|F|EB|2507,EB2507.DCE,EB507.DCE
DCE|F|EB|2508,EB2508.DCE,EB508.DCE
DCE|F|EB|2509,EB2509.DCE,EB509.DCE
DCE|F|EB|2510,EB2510.DCE,EB510.DCE
DCE|F|EB|2511,EB2511.DCE,EB511.DCE
DCE|F|EB|2512,EB2512.DCE,EB512.DCE
DCE|F|EB|2601,EB2601.DCE,EB601.DCE
DCE|F|EB|2602,EB2602.DCE,EB602.DCE
DCE|F|EB|2603,EB2603.DCE,EB603.DCE
DCE|F|EB|2604,EB2604.DCE,EB604.DCE
DCE|F|EB|2605,EB2605.DCE,EB605.DCE
DCE|F|EB|2606,EB2606.DCE,EB606.DCE
DCE|F|EB|2607,EB2607.DCE,EB607.DCE
DCE|F|EB|2608,EB2608.DCE,EB608.DCE
DCE|F|EB|2609,EB2609.DCE,EB609.DCE
DCE|F|EB|2610,EB2610.DCE,EB610.DCE
DCE|F|EB|2611,EB2611.DCE,EB611.DCE
DCE|F|EG|2501,EG2501.DCE,EG501.DCE
DCE|F|EG|2502,EG2502.DCE,EG502.DCE
DCE|F|EG|2503,EG2503.DCE,EG503.DCE
DCE|F|EG|2504,EG2504.DCE,EG504.DCE
DCE|F|EG|2505,EG2505.DCE,EG505.DCE
DCE|F|EG|2506,EG2506.DCE,EG506.DCE
DCE|F|EG|2507,EG2507.DCE,EG507.DCE
DCE|F|EG|2508,EG2508.DCE,EG508.DCE
DCE|F|EG|2509,EG2509.DCE,EG509.DCE
DCE|F|EG|2510,EG2510.DCE,EG510.DCE
DCE|F|EG|2511,EG2511.DCE,EG511.DCE
DCE|F|EG|2512,EG2512.DCE,EG512.DCE
DCE|F|EG|2601,EG2601.DCE,EG601.DCE
DCE|F|EG|2602,EG2602.DCE,EG602.DCE
DCE|F|EG|2603,EG2603.DCE,EG603.DCE
DCE|F|EG|2604,EG2604.DCE,EG604.DCE
DCE|F|EG|2605,EG2605.DCE,EG605.DCE
DCE|F|EG|2606,EG2606.DCE,EG606.DCE
DCE|F|EG|2607,EG2607.DCE,EG607.DCE
DCE|F|EG|2608,EG2608.DCE,EG608.DCE
DCE|F|EG|2609,EG2609.DCE,EG609.DCE
DCE|F|EG|2610,EG2610.DCE,EG610.DCE
DCE|F|EG|2611,EG2611.DCE,EG611.DCE
DCE|F|FB|2501,FB2501.DCE,FB501.DCE
DCE|F|FB|2502,FB2502.DCE,FB502.DCE
DCE|F|FB|2503,FB2503.DCE,FB503.DCE
DCE|F|FB|2504,FB2504.DCE,FB504.DCE
DCE|F|FB|2505,FB2505.DCE,FB505.DCE
DCE|F|FB|2506,FB2506.DCE,FB506.DCE
DCE|F|FB|2507,FB2507.DCE,FB507.DCE
DCE|F|FB|2508,FB2508.DCE,FB508.DCE
DCE|F|FB|2509,FB2509.DCE,FB509.DCE
DCE|F|FB|2510,FB2510.DCE,FB510.DCE
DCE|F|FB|2511,FB2511.DCE,FB511.DCE
DCE|F|FB|2512,FB2512.DCE,FB512.DCE
DCE|F|FB|2601,FB2601.DCE,FB601.DCE
DCE|F|FB|2602,FB2602.DCE,FB602.DCE
DCE|F|FB|2603,FB2603.DCE,FB603.DCE
DCE|F|FB|2604,FB2604.DCE,FB604.DCE
DCE|F|FB|2605,FB2605.DCE,FB605.DCE
DCE|F|FB|2606,FB2606.DCE,FB606.DCE
DCE|F|FB|2607,FB2607.DCE,FB607.DCE
DCE|F|FB|2608,FB2608.DCE,FB608.DCE
DCE|F|FB|2609,FB2609.DCE,FB609.DCE
DCE|F|FB|2610,FB2610.DCE,FB610.DCE
DCE|F|FB|2611,FB2611.DCE,FB611.DCE
DCE|F|I|2501,I2501.DCE,I501.DCE
DCE|F|I|2502,I2502.DCE,I502.DCE
DCE|F|I|2503,I2503.DCE,I503.DCE
DCE|F|I|2504,I2504.DCE,I504.DCE
DCE|F|I|2505,I2505.DCE,I505.DCE
DCE|F|I|2506,I2506.DCE,I506.DCE
DCE|F|I|2507,I2507.DCE,I507.DCE
DCE|F|I|2508,I2508.DCE,I508.DCE
DCE|F|I|2509,I2509.DCE,I509.DCE
DCE|F|I|2510,I2510.DCE,I510.DCE
DCE|F|I|2511,I2511.DCE,I511.DCE
DCE|F|I|2512,I2512.DCE,I512.DCE
DCE|F|I|2601,I2601.DCE,I601.DCE
DCE|F|I|2602,I2602.DCE,I602.DCE
DCE|F|I|2603,I2603.DCE,I603.DCE
DCE|F|I|2604,I2604.DCE,I604.DCE
DCE|F|I|2605,I2605.DCE,I605.DCE
DCE|F|I|2606,I2606.DCE,I606.DCE
DCE|F|I|2607,I2607.DCE,I607.DCE
DCE|F|I|2608,I2608.DCE,I608.DCE
DCE|F|I|2609,I2609.DCE,I609.DCE
DCE|F|I|2610,I2610.DCE,I610.DCE
DCE|F|I|2611,I2611.DCE,I611.DCE
DCE|F|JD|2501,JD2501.DCE,JD501.DCE
DCE|F|JD|2502,JD2502.DCE,JD502.DCE
DCE|F|JD|2503,JD2503.DCE,JD503.DCE
DCE|F|JD|2504,JD2504.DCE,JD504.DCE
DCE|F|JD|2505,JD2505.DCE,JD505.DCE
DCE|F|JD|2506,JD2506.DCE,JD506.DCE
DCE|F|JD|2507,JD2507.DCE,JD507.DCE
DCE|F|JD|2508,JD2508.DCE,JD508.DCE
DCE|F|JD|2509,JD2509.DCE,JD509.DCE
DCE|F|JD|2510,JD2510.DCE,JD510.DCE
DCE|F|JD|2511,JD2511.DCE,JD511.DCE
DCE|F|JD|2512,JD2512.DCE,JD512.DCE
DCE|F|JD|2601,JD2601.DCE,JD601.DCE
DCE|F|JD|2602,JD2602.DCE,JD602.DCE
DCE|F|JD|2603,JD2603.DCE,JD603.DCE
DCE|F|JD|2604,JD2604.DCE,JD604.DCE
DCE|F|JD|2605,JD2605.DCE,JD605.DCE
DCE|F|JD|2606,JD2606.DCE,JD606.DCE
DCE|F|JD|2607,JD2607.DCE,JD607.DCE
DCE|F|JD|2608,JD2608.DCE,JD608.DCE
DCE|F|JD|2609,JD2609.DCE,JD609.DCE
DCE|F|JD|2610,JD2610.DCE,JD610.DCE
DCE|F|JD|2611,JD2611.DCE,JD611.DCE
DCE|F|JM|2501,JM2501.DCE,JM501.DCE
DCE|F|JM|2502,JM2502.DCE,JM502.DCE
DCE|F|JM|2503,JM2503.DCE,JM503.DCE
DCE|F|JM|2504,JM2504.DCE,JM504.DCE
DCE|F|JM|2505,JM2505.DCE,JM505.DCE
DCE|F|JM|2506,JM2506.DCE,JM506.DCE
DCE|F|JM|2507,JM2507.DCE,JM507.DCE
DCE|F|JM|2508,JM2508.DCE,JM508.DCE
DCE|F|JM|2509,JM2509.DCE,JM509.DCE
DCE|F|JM|2510,JM2510.DCE,JM510.DCE
DCE|F|JM|2511,JM2511.DCE,JM511.DCE
DCE|F|JM|2512,JM2512.DCE,JM512.DCE
DCE|F|JM|2601,JM2601.DCE,JM601.DCE
DCE|F|JM|2602,JM2602.DCE,JM602.DCE
DCE|F|JM|2603,JM2603.DCE,JM603.DCE
DCE|F|JM|2604,JM2604.DCE,JM604.DCE
DCE|F|JM|2605,JM2605.DCE,JM605.DCE
DCE|F|JM|2606,JM2606.DCE,JM606.DCE
DCE|F|JM|2607,JM2607.DCE,JM607.DCE
DCE|F|JM|2608,JM2608.DCE,JM608.DCE
DCE|F|JM|2609,JM2609.DCE,JM609.DCE
DCE|F|JM|2610,JM2610.DCE,JM610.DCE
DCE|F|JM|2611,JM2611.DCE,JM611.DCE
DCE|F|J|2501,J2501.DCE,J501.DCE
DCE|F|J|2502,J2502.DCE,J502.DCE
DCE|F|J|2503,J2503.DCE,J503.DCE
DCE|F|J|2504,J2504.DCE,J504.DCE
DCE|F|J|2505,J2505.DCE,J505.DCE
DCE|F|J|2506,J2506.DCE,J506.DCE
DCE|F|J|2507,J2507.DCE,J507.DCE
DCE|F|J|2508,J2508.DCE,J508.DCE
DCE|F|J|2509,J2509.DCE,J509.DCE
DCE|F|J|2510,J2510.DCE,J510.DCE
DCE|F|J|2511,J2511.DCE,J511.DCE
DCE|F|J|2512,J2512.DCE,J512.DCE
DCE|F|J|2601,J2601.DCE,J601.DCE
DCE|F|J|2602,J2602.DCE,J602.DCE
DCE|F|J|2603,J2603.DCE,J603.DCE
DCE|F|J|2604,J2604.DCE,J604.DCE
DCE|F|J|2605,J2605.DCE,J605.DCE
DCE|F|J|2606,J2606.DCE,J606.DCE
DCE|F|J|2607,J2607.DCE,J607.DCE
DCE|F|J|2608,J2608.DCE,J608.DCE
DCE|F|J|2609,J2609.DCE,J609.DCE
DCE|F|J|2610,J2610.DCE,J610.DCE
DCE|F|J|2611,J2611.DCE,J611.DCE
DCE|F|LG|2507,LG2507.DCE,LG507.DCE
DCE|F|LG|2509,LG2509.DCE,LG509.DCE
DCE|F|LG|2511,LG2511.DCE,LG511.DCE
DCE|F|LG|2601,LG2601.DCE,LG601.DCE
DCE|F|LG|2603,LG2603.DCE,LG603.DCE
DCE|F|LG|2605,LG2605.DCE,LG605.DCE
DCE|F|LG|2607,LG2607.DCE,LG607.DCE
DCE|F|LG|2609,LG2609.DCE,LG609.DCE
DCE|F|LG|2611,LG2611.DCE,LG611.DCE
DCE|F|LH|2501,LH2501.DCE,LH501.DCE
DCE|F|LH|2503,LH2503.DCE,LH503.DCE
DCE|F|LH|2505,LH2505.DCE,LH505.DCE
DCE|F|LH|2507,LH2507.DCE,LH507.DCE
DCE|F|LH|2509,LH2509.DCE,LH509.DCE
DCE|F|LH|2511,LH2511.DCE,LH511.DCE
DCE|F|LH|2601,LH2601.DCE,LH601.DCE
DCE|F|LH|2603,LH2603.DCE,LH603.DCE
DCE|F|LH|2605,LH2605.DCE,LH605.DCE
DCE|F|LH|2607,LH2607.DCE,LH607.DCE
DCE|F|LH|2609,LH2609.DCE,LH609.DCE
DCE|F|LH|2611,LH2611.DCE,LH611.DCE
DCE|F|L|2501,L2501.DCE,L501.DCE
DCE|F|L|2502,L2502.DCE,L502.DCE
DCE|F|L|2503,L2503.DCE,L503.DCE
DCE|F|L|2504,L2504.DCE,L504.DCE
DCE|F|L|2505,L2505.DCE,L505.DCE
DCE|F|L|2506,L2506.DCE,L506.DCE
DCE|F|L|2507,L2507.DCE,L507.DCE
DCE|F|L|2508,L2508.DCE,L508.DCE
DCE|F|L|2509,L2509.DCE,L509.DCE
DCE|F|L|2510,L2510.DCE,L510.DCE
DCE|F|L|2511,L2511.DCE,L511.DCE
DCE|F|L|2512,L2512.DCE,L512.DCE
DCE|F|L|2601,L2601.DCE,L601.DCE
DCE|F|L|2602,L2602.DCE,L602.DCE
DCE|F|L|2602F,L2602F.DCE,L602F.DCE
DCE|F|L|2603,L2603.DCE,L603.DCE
DCE|F|L|2603F,L2603F.DCE,L603F.DCE
DCE|F|L|2604,L2604.DCE,L604.DCE
DCE|F|L|2604F,L2604F.DCE,L604F.DCE
DCE|F|L|2605,L2605.DCE,L605.DCE
DCE|F|L|2605F,L2605F.DCE,L605F.DCE
DCE|F|L|2606,L2606.DCE,L606.DCE
DCE|F|L|2607,L2607.DCE,L607.DCE
DCE|F|L|2608,L2608.DCE,L608.DCE
DCE|F|L|2609,L2609.DCE,L609.DCE
DCE|F|L|2610,L2610.DCE,L610.DCE
DCE|F|L|2611,L2611.DCE,L611.DCE
DCE|F|M|2501,M2501.DCE,M501.DCE
DCE|F|M|2503,M2503.DCE,M503.DCE
DCE|F|M|2505,M2505.DCE,M505.DCE
DCE|F|M|2507,M2507.DCE,M507.DCE
DCE|F|M|2508,M2508.DCE,M508.DCE
DCE|F|M|2509,M2509.DCE,M509.DCE
DCE|F|M|2511,M2511.DCE,M511.DCE
DCE|F|M|2512,M2512.DCE,M512.DCE
DCE|F|M|2601,M2601.DCE,M601.DCE
DCE|F|M|2603,M2603.DCE,M603.DCE
DCE|F|M|2605,M2605.DCE,M605.DCE
DCE|F|M|2607,M2607.DCE,M607.DCE
DCE|F|M|2608,M2608.DCE,M608.DCE
DCE|F|M|2609,M2609.DCE,M609.DCE
DCE|F|M|2611,M2611.DCE,M611.DCE
DCE|F|PG|2501,PG2501.DCE,PG501.DCE
DCE|F|PG|2502,PG2502.DCE,PG502.DCE
DCE|F|PG|2503,PG2503.DCE,PG503.DCE
DCE|F|PG|2504,PG2504.DCE,PG504.DCE
DCE|F|PG|2505,PG2505.DCE,PG505.DCE
DCE|F|PG|2506,PG2506.DCE,PG506.DCE
DCE|F|PG|2507,PG2507.DCE,PG507.DCE
DCE|F|PG|2508,PG2508.DCE,PG508.DCE
DCE|F|PG|2509,PG2509.DCE,PG509.DCE
DCE|F|PG|2510,PG2510.DCE,PG510.DCE
DCE|F|PG|2511,PG2511.DCE,PG511.DCE
DCE|F|PG|2512,PG2512.DCE,PG512.DCE
DCE|F|PG|2601,PG2601.DCE,PG601.DCE
DCE|F|PG|2602,PG2602.DCE,PG602.DCE
DCE|F|PG|2603,PG2603.DCE,PG603.DCE
DCE|F|PG|2604,PG2604.DCE,PG604.DCE
DCE|F|PG|2605,PG2605.DCE,PG605.DCE
DCE|F|PG|2606,PG2606.DCE,PG606.DCE
DCE|F|PG|2607,PG2607.DCE,PG607.DCE
DCE|F|PG|2608,PG2608.DCE,PG608.DCE
DCE|F|PG|2609,PG2609.DCE,PG609.DCE
DCE|F|PG|2610,PG2610.DCE,PG610.DCE
DCE|F|PG|2611,PG2611.DCE,PG611.DCE
DCE|F|PP|2501,PP2501.DCE,PP501.DCE
DCE|F|PP|2502,PP2502.DCE,PP502.DCE
DCE|F|PP|2503,PP2503.DCE,PP503.DCE
DCE|F|PP|2504,PP2504.DCE,PP504.DCE
DCE|F|PP|2505,PP2505.DCE,PP505.DCE
DCE|F|PP|2506,PP2506.DCE,PP506.DCE
DCE|F|PP|2507,PP2507.DCE,PP507.DCE
DCE|F|PP|2508,PP2508.DCE,PP508.DCE
DCE|F|PP|2509,PP2509.DCE,PP509.DCE
DCE|F|PP|2510,PP2510.DCE,PP510.DCE
DCE|F|PP|2511,PP2511.DCE,PP511.DCE
DCE|F|PP|2512,PP2512.DCE,PP512.DCE
DCE|F|PP|2601,PP2601.DCE,PP601.DCE
DCE|F|PP|2602,PP2602.DCE,PP602.DCE
DCE|F|PP|2602F,PP2602F.DCE,PP602F.DCE
DCE|F|PP|2603,PP2603.DCE,PP603.DCE
DCE|F|PP|2603F,PP2603F.DCE,PP603F.DCE
DCE|F|PP|2604,PP2604.DCE,PP604.DCE
DCE|F|PP|2604F,PP2604F.DCE,PP604F.DCE
DCE|F|PP|2605,PP2605.DCE,PP605.DCE
DCE|F|PP|2605F,PP2605F.DCE,PP605F.DCE
DCE|F|PP|2606,PP2606.DCE,PP606.DCE
DCE|F|PP|2607,PP2607.DCE,PP607.DCE
DCE|F|PP|2608,PP2608.DCE,PP608.DCE
DCE|F|PP|2609,PP2609.DCE,PP609.DCE
DCE|F|PP|2610,PP2610.DCE,PP610.DCE
DCE|F|PP|2611,PP2611.DCE,PP611.DCE
DCE|F|P|2501,P2501.DCE,P501.DCE
DCE|F|P|2502,P2502.DCE,P502.DCE
DCE|F|P|2503,P2503.DCE,P503.DCE
DCE|F|P|2504,P2504.DCE,P504.DCE
DCE|F|P|2505,P2505.DCE,P505.DCE
DCE|F|P|2506,P2506.DCE,P506.DCE
DCE|F|P|2507,P2507.DCE,P507.DCE
DCE|F|P|2508,P2508.DCE,P508.DCE
DCE|F|P|2509,P2509.DCE,P509.DCE
DCE|F|P|2510,P2510.DCE,P510.DCE
DCE|F|P|2511,P2511.DCE,P511.DCE
DCE|F|P|2512,P2512.DCE,P512.DCE
DCE|F|P|2601,P2601.DCE,P601.DCE
DCE|F|P|2602,P2602.DCE,P602.DCE
DCE|F|P|2603,P2603.DCE,P603.DCE
DCE|F|P|2604,P2604.DCE,P604.DCE
DCE|F|P|2605,P2605.DCE,P605.DCE
DCE|F|P|2606,P2606.DCE,P606.DCE
DCE|F|P|2607,P2607.DCE,P607.DCE
DCE|F|P|2608,P2608.DCE,P608.DCE
DCE|F|P|2609,P2609.DCE,P609.DCE
DCE|F|P|2610,P2610.DCE,P610.DCE
DCE|F|P|2611,P2611.DCE,P611.DCE
DCE|F|RR|2501,RR2501.DCE,RR501.DCE
DCE|F|RR|2502,RR2502.DCE,RR502.DCE
DCE|F|RR|2503,RR2503.DCE,RR503.DCE
DCE|F|RR|2504,RR2504.DCE,RR504.DCE
DCE|F|RR|2505,RR2505.DCE,RR505.DCE
DCE|F|RR|2506,RR2506.DCE,RR506.DCE
DCE|F|RR|2507,RR2507.DCE,RR507.DCE
DCE|F|RR|2508,RR2508.DCE,RR508.DCE
DCE|F|RR|2509,RR2509.DCE,RR509.DCE
DCE|F|RR|2510,RR2510.DCE,RR510.DCE
DCE|F|RR|2511,RR2511.DCE,RR511.DCE
DCE|F|RR|2512,RR2512.DCE,RR512.DCE
DCE|F|RR|2601,RR2601.DCE,RR601.DCE
DCE|F|RR|2602,RR2602.DCE,RR602.DCE
DCE|F|RR|2603,RR2603.DCE,RR603.DCE
DCE|F|RR|2604,RR2604.DCE,RR604.DCE
DCE|F|RR|2605,RR2605.DCE,RR605.DCE
DCE|F|RR|2606,RR2606.DCE,RR606.DCE
DCE|F|RR|2607,RR2607.DCE,RR607.DCE
DCE|F|RR|2608,RR2608.DCE,RR608.DCE
DCE|F|RR|2609,RR2609.DCE,RR609.DCE
DCE|F|RR|2610,RR2610.DCE,RR610.DCE
DCE|F|RR|2611,RR2611.DCE,RR611.DCE
DCE|F|V|2501,V2501.DCE,V501.DCE
DCE|F|V|2502,V2502.DCE,V502.DCE
DCE|F|V|2503,V2503.DCE,V503.DCE
DCE|F|V|2504,V2504.DCE,V504.DCE
DCE|F|V|2505,V2505.DCE,V505.DCE
DCE|F|V|2506,V2506.DCE,V506.DCE
DCE|F|V|2507,V2507.DCE,V507.DCE
DCE|F|V|2508,V2508.DCE,V508.DCE
DCE|F|V|2509,V2509.DCE,V509.DCE
DCE|F|V|2510,V2510.DCE,V510.DCE
DCE|F|V|2511,V2511.DCE,V511.DCE
DCE|F|V|2512,V2512.DCE,V512.DCE
DCE|F|V|2601,V2601.DCE,V601.DCE
DCE|F|V|2602,V2602.DCE,V602.DCE
DCE|F|V|2602F,V2602F.DCE,V602F.DCE
DCE|F|V|2603,V2603.DCE,V603.DCE
DCE|F|V|2603F,V2603F.DCE,V603F.DCE
DCE|F|V|2604,V2604.DCE,V604.DCE
DCE|F|V|2604F,V2604F.DCE,V604F.DCE
DCE|F|V|2605,V2605.DCE,V605.DCE
DCE|F|V|2605F,V2605F.DCE,V605F.DCE
DCE|F|V|2606,V2606.DCE,V606.DCE
DCE|F|V|2607,V2607.DCE,V607.DCE
DCE|F|V|2608,V2608.DCE,V608.DCE
DCE|F|V|2609,V2609.DCE,V609.DCE
DCE|F|V|2610,V2610.DCE,V610.DCE
DCE|F|V|2611,V2611.DCE,V611.DCE
DCE|F|Y|2501,Y2501.DCE,Y501.DCE
DCE|F|Y|2503,Y2503.DCE,Y503.DCE
DCE|F|Y|2505,Y2505.DCE,Y505.DCE
DCE|F|Y|2507,Y2507.DCE,Y507.DCE
DCE|F|Y|2508,Y2508.DCE,Y508.DCE
DCE|F|Y|2509,Y2509.DCE,Y509.DCE
DCE|F|Y|2511,Y2511.DCE,Y511.DCE
DCE|F|Y|2512,Y2512.DCE,Y512.DCE
DCE|F|Y|2601,Y2601.DCE,Y601.DCE
DCE|F|Y|2603,Y2603.DCE,Y603.DCE
DCE|F|Y|2605,Y2605.DCE,Y605.DCE
DCE|F|Y|2607,Y2607.DCE,Y607.DCE
DCE|F|Y|2608,Y2608.DCE,Y608.DCE
DCE|F|Y|2609,Y2609.DCE,Y609.DCE
DCE|F|Y|2611,Y2611.DCE,Y611.DCE
GFEX|F|LC|2501,LC2501.GFE,LC501.GFE
GFEX|F|LC|2502,LC2502.GFE,LC502.GFE
GFEX|F|LC|2503,LC2503.GFE,LC503.GFE
GFEX|F|LC|2504,LC2504.GFE,LC504.GFE
GFEX|F|LC|2505,LC2505.GFE,LC505.GFE
GFEX|F|LC|2506,LC2506.GFE,LC506.GFE
GFEX|F|LC|2507,LC2507.GFE,LC507.GFE
GFEX|F|LC|2508,LC2508.GFE,LC508.GFE
GFEX|F|LC|2509,LC2509.GFE,LC509.GFE
GFEX|F|LC|2510,LC2510.GFE,LC510.GFE
GFEX|F|LC|2511,LC2511.GFE,LC511.GFE
GFEX|F|LC|2512,LC2512.GFE,LC512.GFE
GFEX|F|LC|2601,LC2601.GFE,LC601.GFE
GFEX|F|LC|2602,LC2602.GFE,LC602.GFE
GFEX|F|LC|2603,LC2603.GFE,LC603.GFE
GFEX|F|LC|2604,LC2604.GFE,LC604.GFE
GFEX|F|LC|2605,LC2605.GFE,LC605.GFE
GFEX|F|LC|2606,LC2606.GFE,LC606.GFE
GFEX|F|LC|2607,LC2607.GFE,LC607.GFE
GFEX|F|LC|2608,LC2608.GFE,LC608.GFE
GFEX|F|LC|2609,LC2609.GFE,LC609.GFE
GFEX|F|LC|2610,LC2610.GFE,LC610.GFE
GFEX|F|LC|2611,LC2611.GFE,LC611.GFE
GFEX|F|PD|2606,PD2606.GFE,PD606.GFE
GFEX|F|PD|2608,PD2608.GFE,PD608.GFE
GFEX|F|PD|2610,PD2610.GFE,PD610.GFE
GFEX|F|PS|2506,PS2506.GFE,PS506.GFE
GFEX|F|PS|2507,PS2507.GFE,PS507.GFE
GFEX|F|PS|2508,PS2508.GFE,PS508.GFE
GFEX|F|PS|2509,PS2509.GFE,PS509.GFE
GFEX|F|PS|2510,PS2510.GFE,PS510.GFE
GFEX|F|PS|2511,PS2511.GFE,PS511.GFE
GFEX|F|PS|2512,PS2512.GFE,PS512.GFE
GFEX|F|PS|2601,PS2601.GFE,PS601.GFE
GFEX|F|PS|2602,PS2602.GFE,PS602.GFE
GFEX|F|PS|2603,PS2603.GFE,PS603.GFE
GFEX|F|PS|2604,PS2604.GFE,PS604.GFE
GFEX|F|PS|2605,PS2605.GFE,PS605.GFE
GFEX|F|PS|2606,PS2606.GFE,PS606.GFE
GFEX|F|PS|2607,PS2607.GFE,PS607.GFE
GFEX|F|PS|2608,PS2608.GFE,PS608.GFE
GFEX|F|PS|2609,PS2609.GFE,PS609.GFE
GFEX|F|PS|2610,PS2610.GFE,PS610.GFE
GFEX|F|PS|2611,PS2611.GFE,PS611.GFE
GFEX|F|PT|2606,PT2606.GFE,PT606.GFE
GFEX|F|PT|2608,PT2608.GFE,PT608.GFE
GFEX|F|PT|2610,PT2610.GFE,PT610.GFE
GFEX|F|SI|2501,SI2501.GFE,SI501.GFE
GFEX|F|SI|2502,SI2502.GFE,SI502.GFE
GFEX|F|SI|2503,SI2503.GFE,SI503.GFE
GFEX|F|SI|2504,SI2504.GFE,SI504.GFE
GFEX|F|SI|2505,SI2505.GFE,SI505.GFE
GFEX|F|SI|2506,SI2506.GFE,SI506.GFE
GFEX|F|SI|2507,SI2507.GFE,SI507.GFE
GFEX|F|SI|2508,SI2508.GFE,SI508.GFE
GFEX|F|SI|2509,SI2509.GFE,SI509.GFE
GFEX|F|SI|2510,SI2510.GFE,SI510.GFE
GFEX|F|SI|2511,SI2511.GFE,SI511.GFE
GFEX|F|SI|2512,SI2512.GFE,SI512.GFE
GFEX|F|SI|2601,SI2601.GFE,SI601.GFE
GFEX|F|SI|2602,SI2602.GFE,SI602.GFE
GFEX|F|SI|2603,SI2603.GFE,SI603.GFE
GFEX|F|SI|2604,SI2604.GFE,SI604.GFE
GFEX|F|SI|2605,SI2605.GFE,SI605.GFE
GFEX|F|SI|2606,SI2606.GFE,SI606.GFE
GFEX|F|SI|2607,SI2607.GFE,SI607.GFE
GFEX|F|SI|2608,SI2608.GFE,SI608.GFE
GFEX|F|SI|2609,SI2609.GFE,SI609.GFE
GFEX|F|SI|2610,SI2610.GFE,SI610.GFE
GFEX|F|SI|2611,SI2611.GFE,SI611.GFE
INE|F|BC|2501,BC2501.INE,BC501.INE
INE|F|BC|2502,BC2502.INE,BC502.INE
INE|F|BC|2503,BC2503.INE,BC503.INE
INE|F|BC|2504,BC2504.INE,BC504.INE
INE|F|BC|2505,BC2505.INE,BC505.INE
INE|F|BC|2506,BC2506.INE,BC506.INE
INE|F|BC|2507,BC2507.INE,BC507.INE
INE|F|BC|2508,BC2508.INE,BC508.INE
INE|F|BC|2509,BC2509.INE,BC509.INE
INE|F|BC|2510,BC2510.INE,BC510.INE
INE|F|BC|2511,BC2511.INE,BC511.INE
INE|F|BC|2512,BC2512.INE,BC512.INE
INE|F|BC|2601,BC2601.INE,BC601.INE
INE|F|BC|2602,BC2602.INE,BC602.INE
INE|F|BC|2603,BC2603.INE,BC603.INE
INE|F|BC|2604,BC2604.INE,BC604.INE
INE|F|BC|2605,BC2605.INE,BC605.INE
INE|F|BC|2606,BC2606.INE,BC606.INE
INE|F|BC|2607,BC2607.INE,BC607.INE
INE|F|BC|2608,BC2608.INE,BC608.INE
INE|F|BC|2609,BC2609.INE,BC609.INE
INE|F|BC|2610,BC2610.INE,BC610.INE
INE|F|BC|2611,BC2611.INE,BC611.INE
INE|F|EC|2502,EC2502.INE,EC502.INE
INE|F|EC|2504,EC2504.INE,EC504.INE
INE|F|EC|2506,EC2506.INE,EC506.INE
INE|F|EC|2508,EC2508.INE,EC508.INE
INE|F|EC|2510,EC2510.INE,EC510.INE
INE|F|EC|2512,EC2512.INE,EC512.INE
INE|F|EC|2602,EC2602.INE,EC602.INE
INE|F|EC|2604,EC2604.INE,EC604.INE
INE|F|EC|2606,EC2606.INE,EC606.INE
INE|F|EC|2608,EC2608.INE,EC608.INE
INE|F|EC|2610,EC2610.INE,EC610.INE
INE|F|LU|2502,LU2502.INE,LU502.INE
INE|F|LU|2503,LU2503.INE,LU503.INE
INE|F|LU|2504,LU2504.INE,LU504.INE
INE|F|LU|2505,LU2505.INE,LU505.INE
INE|F|LU|2506,LU2506.INE,LU506.INE
INE|F|LU|2507,LU2507.INE,LU507.INE
INE|F|LU|2508,LU2508.INE,LU508.INE
INE|F|LU|2509,LU2509.INE,LU509.INE
INE|F|LU|2510,LU2510.INE,LU510.INE
INE|F|LU|2511,LU2511.INE,LU511.INE
INE|F|LU|2512,LU2512.INE,LU512.INE
INE|F|LU|2601,LU2601.INE,LU601.INE
INE|F|LU|2602,LU2602.INE,LU602.INE
INE|F|LU|2603,LU2603.INE,LU603.INE
INE|F|LU|2604,LU2604.INE,LU604.INE
INE|F|LU|2605,LU2605.INE,LU605.INE
INE|F|LU|2606,LU2606.INE,LU606.INE
INE|F|LU|2607,LU2607.INE,LU607.INE
INE|F|LU|2608,LU2608.INE,LU608.INE
INE|F|LU|2609,LU2609.INE,LU609.INE
INE|F|LU|2610,LU2610.INE,LU610.INE
INE|F|LU|2611,LU2611.INE,LU611.INE
INE|F|NR|2501,NR2501.INE,NR501.INE
INE|F|NR|2502,NR2502.INE,NR502.INE
INE|F|NR|2503,NR2503.INE,NR503.INE
INE|F|NR|2504,NR2504.INE,NR504.INE
INE|F|NR|2505,NR2505.INE,NR505.INE
INE|F|NR|2506,NR2506.INE,NR506.INE
INE|F|NR|2507,NR2507.INE,NR507.INE
INE|F|NR|2508,NR2508.INE,NR508.INE
INE|F|NR|2509,NR2509.INE,NR509.INE
INE|F|NR|2510,NR2510.INE,NR510.INE
INE|F|NR|2511,NR2511.INE,NR511.INE
INE|F|NR|2512,NR2512.INE,NR512.INE
INE|F|NR|2601,NR2601.INE,NR601.INE
INE|F|NR|2602,NR2602.INE,NR602.INE
INE|F|NR|2603,NR2603.INE,NR603.INE
INE|F|NR|2604,NR2604.INE,NR604.INE
INE|F|NR|2605,NR2605.INE,NR605.INE
INE|F|NR|2606,NR2606.INE,NR606.INE
INE|F|NR|2607,NR2607.INE,NR607.INE
INE|F|NR|2608,NR2608.INE,NR608.INE
INE|F|NR|2609,NR2609.INE,NR609.INE
INE|F|NR|2610,NR2610.INE,NR610.INE
INE|F|NR|2611,NR2611.INE,NR611.INE
INE|F|SC|2502,SC2502.INE,SC502.INE
INE|F|SC|2503,SC2503.INE,SC503.INE
INE|F|SC|2504,SC2504.INE,SC504.INE
INE|F|SC|2505,SC2505.INE,SC505.INE
INE|F|SC|2506,SC2506.INE,SC506.INE
INE|F|SC|2507,SC2507.INE,SC507.INE
INE|F|SC|2508,SC2508.INE,SC508.INE
INE|F|SC|2509,SC2509.INE,SC509.INE
INE|F|SC|2510,SC2510.INE,SC510.INE
INE|F|SC|2511,SC2511.INE,SC511.INE
INE|F|SC|2512,SC2512.INE,SC512.INE
INE|F|SC|2601,SC2601.INE,SC601.INE
INE|F|SC|2602,SC2602.INE,SC602.INE
INE|F|SC|2603,SC2603.INE,SC603.INE
INE|F|SC|2604,SC2604.INE,SC604.INE
INE|F|SC|2605,SC2605.INE,SC605.INE
INE|F|SC|2606,SC2606.INE,SC606.INE
INE|F|SC|2607,SC2607.INE,SC607.INE
INE|F|SC|2608,SC2608.INE,SC608.INE
INE|F|SC|2609,SC2609.INE,SC609.INE
INE|F|SC|2610,SC2610.INE,SC610.INE
INE|F|SC|2611,SC2611.INE,SC611.INE
INE|F|SC|2612,SC2612.INE,SC612.INE
INE|F|SC|2703,SC2703.INE,SC703.INE
INE|F|SC|2706,SC2706.INE,SC706.INE
INE|F|SC|2709,SC2709.INE,SC709.INE
INE|F|SC|2712,SC2712.INE,SC712.INE
INE|F|SC|2803,SC2803.INE,SC803.INE
INE|F|SC|2806,SC2806.INE,SC806.INE
INE|F|SC|2809,SC2809.INE,SC809.INE
SHFE|F|AD|2511,AD2511.SHF,AD511.SHF
SHFE|F|AD|2512,AD2512.SHF,AD512.SHF
SHFE|F|AD|2601,AD2601.SHF,AD601.SHF
SHFE|F|AD|2602,AD2602.SHF,AD602.SHF
SHFE|F|AD|2603,AD2603.SHF,AD603.SHF
SHFE|F|AD|2604,AD2604.SHF,AD604.SHF
SHFE|F|AD|2605,AD2605.SHF,AD605.SHF
SHFE|F|AD|2606,AD2606.SHF,AD606.SHF
SHFE|F|AD|2607,AD2607.SHF,AD607.SHF
SHFE|F|AD|2608,AD2608.SHF,AD608.SHF
SHFE|F|AD|2609,AD2609.SHF,AD609.SHF
SHFE|F|AD|2610,AD2610.SHF,AD610.SHF
SHFE|F|AD|2611,AD2611.SHF,AD611.SHF
SHFE|F|AG|2501,AG2501.SHF,AG501.SHF
SHFE|F|AG|2502,AG2502.SHF,AG502.SHF
SHFE|F|AG|2503,AG2503.SHF,AG503.SHF
SHFE|F|AG|2504,AG2504.SHF,AG504.SHF
SHFE|F|AG|2505,AG2505.SHF,AG505.SHF
SHFE|F|AG|2506,AG2506.SHF,AG506.SHF
SHFE|F|AG|2507,AG2507.SHF,AG507.SHF
SHFE|F|AG|2508,AG2508.SHF,AG508.SHF
SHFE|F|AG|2509,AG2509.SHF,AG509.SHF
SHFE|F|AG|2510,AG2510.SHF,AG510.SHF
SHFE|F|AG|2511,AG2511.SHF,AG511.SHF
SHFE|F|AG|2512,AG2512.SHF,AG512.SHF
SHFE|F|AG|2601,AG2601.SHF,AG601.SHF
SHFE|F|AG|2602,AG2602.SHF,AG602.SHF
SHFE|F|AG|2603,AG2603.SHF,AG603.SHF
SHFE|F|AG|2604,AG2604.SHF,AG604.SHF
SHFE|F|AG|2605,AG2605.SHF,AG605.SHF
SHFE|F|AG|2606,AG2606.SHF,AG606.SHF
SHFE|F|AG|2607,AG2607.SHF,AG607.SHF
SHFE|F|AG|2608,AG2608.SHF,AG608.SHF
SHFE|F|AG|2609,AG2609.SHF,AG609.SHF
SHFE|F|AG|2610,AG2610.SHF,AG610.SHF
SHFE|F|AG|2611,AG2611.SHF,AG611.SHF
SHFE|F|AL|2501,AL2501.SHF,AL501.SHF
SHFE|F|AL|2502,AL2502.SHF,AL502.SHF
SHFE|F|AL|2503,AL2503.SHF,AL503.SHF
SHFE|F|AL|2504,AL2504.SHF,AL504.SHF
SHFE|F|AL|2505,AL2505.SHF,AL505.SHF
SHFE|F|AL|2506,AL2506.SHF,AL506.SHF
SHFE|F|AL|2507,AL2507.SHF,AL507.SHF
SHFE|F|AL|2508,AL2508.SHF,AL508.SHF
SHFE|F|AL|2509,AL2509.SHF,AL509.SHF
SHFE|F|AL|2510,AL2510.SHF,AL510.SHF
SHFE|F|AL|2511,AL2511.SHF,AL511.SHF
SHFE|F|AL|2512,AL2512.SHF,AL512.SHF
SHFE|F|AL|2601,AL2601.SHF,AL601.SHF
SHFE|F|AL|2602,AL2602.SHF,AL602.SHF
SHFE|F|AL|2603,AL2603.SHF,AL603.SHF
SHFE|F|AL|2604,AL2604.SHF,AL604.SHF
SHFE|F|AL|2605,AL2605.SHF,AL605.SHF
SHFE|F|AL|2606,AL2606.SHF,AL606.SHF
SHFE|F|AL|2607,AL2607.SHF,AL607.SHF
SHFE|F|AL|2608,AL2608.SHF,AL608.SHF
SHFE|F|AL|2609,AL2609.SHF,AL609.SHF
SHFE|F|AL|2610,AL2610.SHF,AL610.SHF
SHFE|F|AL|2611,AL2611.SHF,AL611.SHF
SHFE|F|AO|2501,AO2501.SHF,AO501.SHF
SHFE|F|AO|2502,AO2502.SHF,AO502.SHF
SHFE|F|AO|2503,AO2503.SHF,AO503.SHF
SHFE|F|AO|2504,AO2504.SHF,AO504.SHF
SHFE|F|AO|2505,AO2505.SHF,AO505.SHF
SHFE|F|AO|2506,AO2506.SHF,AO506.SHF
SHFE|F|AO|2507,AO2507.SHF,AO507.SHF
SHFE|F|AO|2508,AO2508.SHF,AO508.SHF
SHFE|F|AO|2509,AO2509.SHF,AO509.SHF
SHFE|F|AO|2510,AO2510.SHF,AO510.SHF
SHFE|F|AO|2511,AO2511.SHF,AO511.SHF
SHFE|F|AO|2512,AO2512.SHF,AO512.SHF
SHFE|F|AO|2601,AO2601.SHF,AO601.SHF
SHFE|F|AO|2602,AO2602.SHF,AO602.SHF
SHFE|F|AO|2603,AO2603.SHF,AO603.SHF
SHFE|F|AO|2604,AO2604.SHF,AO604.SHF
SHFE|F|AO|2605,AO2605.SHF,AO605.SHF
SHFE|F|AO|2606,AO2606.SHF,AO606.SHF
SHFE|F|AO|2607,AO2607.SHF,AO607.SHF
SHFE|F|AO|2608,AO2608.SHF,AO608.SHF
SHFE|F|AO|2609,AO2609.SHF,AO609.SHF
SHFE|F|AO|2610,AO2610.SHF,AO610.SHF
SHFE|F|AO|2611,AO2611.SHF,AO611.SHF
SHFE|F|AU|2501,AU2501.SHF,AU501.SHF
SHFE|F|AU|2502,AU2502.SHF,AU502.SHF
SHFE|F|AU|2503,AU2503.SHF,AU503.SHF
SHFE|F|AU|2504,AU2504.SHF,AU504.SHF
SHFE|F|AU|2505,AU2505.SHF,AU505.SHF
SHFE|F|AU|2506,AU2506.SHF,AU506.SHF
SHFE|F|AU|2507,AU2507.SHF,AU507.SHF
SHFE|F|AU|2508,AU2508.SHF,AU508.SHF
SHFE|F|AU|2509,AU2509.SHF,AU509.SHF
SHFE|F|AU|2510,AU2510.SHF,AU510.SHF
SHFE|F|AU|2511,AU2511.SHF,AU511.SHF
SHFE|F|AU|2512,AU2512.SHF,AU512.SHF
SHFE|F|AU|2601,AU2601.SHF,AU601.SHF
SHFE|F|AU|2602,AU2602.SHF,AU602.SHF
SHFE|F|AU|2604,AU2604.SHF,AU604.SHF
SHFE|F|AU|2606,AU2606.SHF,AU606.SHF
SHFE|F|AU|2608,AU2608.SHF,AU608.SHF
SHFE|F|AU|2610,AU2610.SHF,AU610.SHF
SHFE|F|AU|2612,AU2612.SHF,AU612.SHF
SHFE|F|BR|2501,BR2501.SHF,BR501.SHF
SHFE|F|BR|2502,BR2502.SHF,BR502.SHF
SHFE|F|BR|2503,BR2503.SHF,BR503.SHF
SHFE|F|BR|2504,BR2504.SHF,BR504.SHF
SHFE|F|BR|2505,BR2505.SHF,BR505.SHF
SHFE|F|BR|2506,BR2506.SHF,BR506.SHF
SHFE|F|BR|2507,BR2507.SHF,BR507.SHF
SHFE|F|BR|2508,BR2508.SHF,BR508.SHF
SHFE|F|BR|2509,BR2509.SHF,BR509.SHF
SHFE|F|BR|2510,BR2510.SHF,BR510.SHF
SHFE|F|BR|2511,BR2511.SHF,BR511.SHF
SHFE|F|BR|2512,BR2512.SHF,BR512.SHF
SHFE|F|BR|2601,BR2601.SHF,BR601.SHF
SHFE|F|BR|2602,BR2602.SHF,BR602.SHF
SHFE|F|BR|2603,BR2603.SHF,BR603.SHF
SHFE|F|BR|2604,BR2604.SHF,BR604.SHF
SHFE|F|BR|2605,BR2605.SHF,BR605.SHF
SHFE|F|BR|2606,BR2606.SHF,BR606.SHF
SHFE|F|BR|2607,BR2607.SHF,BR607.SHF
SHFE|F|BR|2608,BR2608.SHF,BR608.SHF
SHFE|F|BR|2609,BR2609.SHF,BR609.SHF
SHFE|F|BR|2610,BR2610.SHF,BR610.SHF
SHFE|F|BR|2611,BR2611.SHF,BR611.SHF
SHFE|F|BU|2501,BU2501.SHF,BU501.SHF
SHFE|F|BU|2502,BU2502.SHF,BU502.SHF
SHFE|F|BU|2503,BU2503.SHF,BU503.SHF
SHFE|F|BU|2504,BU2504.SHF,BU504.SHF
SHFE|F|BU|2505,BU2505.SHF,BU505.SHF
SHFE|F|BU|2506,BU2506.SHF,BU506.SHF
SHFE|F|BU|2507,BU2507.SHF,BU507.SHF
SHFE|F|BU|2508,BU2508.SHF,BU508.SHF
SHFE|F|BU|2509,BU2509.SHF,BU509.SHF
SHFE|F|BU|2510,BU2510.SHF,BU510.SHF
SHFE|F|BU|2511,BU2511.SHF,BU511.SHF
SHFE|F|BU|2512,BU2512.SHF,BU512.SHF
SHFE|F|BU|2601,BU2601.SHF,BU601.SHF
SHFE|F|BU|2602,BU2602.SHF,BU602.SHF
SHFE|F|BU|2603,BU2603.SHF,BU603.SHF
SHFE|F|BU|2604,BU2604.SHF,BU604.SHF
SHFE|F|BU|2605,BU2605.SHF,BU605.SHF
SHFE|F|BU|2606,BU2606.SHF,BU606.SHF
SHFE|F|BU|2607,BU2607.SHF,BU607.SHF
SHFE|F|BU|2608,BU2608.SHF,BU608.SHF
SHFE|F|BU|2609,BU2609.SHF,BU609.SHF
SHFE|F|BU|2610,BU2610.SHF,BU610.SHF
SHFE|F|BU|2611,BU2611.SHF,BU611.SHF
SHFE|F|BU|2612,BU2612.SHF,BU612.SHF
SHFE|F|BU|2703,BU2703.SHF,BU703.SHF
SHFE|F|BU|2706,BU2706.SHF,BU706.SHF
SHFE|F|BU|2709,BU2709.SHF,BU709.SHF
SHFE|F|CU|2501,CU2501.SHF,CU501.SHF
SHFE|F|CU|2502,CU2502.SHF,CU502.SHF
SHFE|F|CU|2503,CU2503.SHF,CU503.SHF
SHFE|F|CU|2504,CU2504.SHF,CU504.SHF
SHFE|F|CU|2505,CU2505.SHF,CU505.SHF
SHFE|F|CU|2506,CU2506.SHF,CU506.SHF
SHFE|F|CU|2507,CU2507.SHF,CU507.SHF
SHFE|F|CU|2508,CU2508.SHF,CU508.SHF
SHFE|F|CU|2509,CU2509.SHF,CU509.SHF
SHFE|F|CU|2510,CU2510.SHF,CU510.SHF
SHFE|F|CU|2511,CU2511.SHF,CU511.SHF
SHFE|F|CU|2512,CU2512.SHF,CU512.SHF
SHFE|F|CU|2601,CU2601.SHF,CU601.SHF
SHFE|F|CU|2602,CU2602.SHF,CU602.SHF
SHFE|F|CU|2603,CU2603.SHF,CU603.SHF
SHFE|F|CU|2604,CU2604.SHF,CU604.SHF
SHFE|F|CU|2605,CU2605.SHF,CU605.SHF
SHFE|F|CU|2606,CU2606.SHF,CU606.SHF
SHFE|F|CU|2607,CU2607.SHF,CU607.SHF
SHFE|F|CU|2608,CU2608.SHF,CU608.SHF
SHFE|F|CU|2609,CU2609.SHF,CU609.SHF
SHFE|F|CU|2610,CU2610.SHF,CU610.SHF
SHFE|F|CU|2611,CU2611.SHF,CU611.SHF
SHFE|F|FU|2502,FU2502.SHF,FU502.SHF
SHFE|F|FU|2503,FU2503.SHF,FU503.SHF
SHFE|F|FU|2504,FU2504.SHF,FU504.SHF
SHFE|F|FU|2505,FU2505.SHF,FU505.SHF
SHFE|F|FU|2506,FU2506.SHF,FU506.SHF
SHFE|F|FU|2507,FU2507.SHF,FU507.SHF
SHFE|F|FU|2508,FU2508.SHF,FU508.SHF
SHFE|F|FU|2509,FU2509.SHF,FU509.SHF
SHFE|F|FU|2510,FU2510.SHF,FU510.SHF
SHFE|F|FU|2511,FU2511.SHF,FU511.SHF
SHFE|F|FU|2512,FU2512.SHF,FU512.SHF
SHFE|F|FU|2601,FU2601.SHF,FU601.SHF
SHFE|F|FU|2602,FU2602.SHF,FU602.SHF
SHFE|F|FU|2603,FU2603.SHF,FU603.SHF
SHFE|F|FU|2604,FU2604.SHF,FU604.SHF
SHFE|F|FU|2605,FU2605.SHF,FU605.SHF
SHFE|F|FU|2606,FU2606.SHF,FU606.SHF
SHFE|F|FU|2607,FU2607.SHF,FU607.SHF
SHFE|F|FU|2608,FU2608.SHF,FU608.SHF
SHFE|F|FU|2609,FU2609.SHF,FU609.SHF
SHFE|F|FU|2610,FU2610.SHF,FU610.SHF
SHFE|F|FU|2611,FU2611.SHF,FU611.SHF
SHFE|F|HC|2501,HC2501.SHF,HC501.SHF
SHFE|F|HC|2502,HC2502.SHF,HC502.SHF
SHFE|F|HC|2503,HC2503.SHF,HC503.SHF
SHFE|F|HC|2504,HC2504.SHF,HC504.SHF
SHFE|F|HC|2505,HC2505.SHF,HC505.SHF
SHFE|F|HC|2506,HC2506.SHF,HC506.SHF
SHFE|F|HC|2507,HC2507.SHF,HC507.SHF
SHFE|F|HC|2508,HC2508.SHF,HC508.SHF
SHFE|F|HC|2509,HC2509.SHF,HC509.SHF
SHFE|F|HC|2510,HC2510.SHF,HC510.SHF
SHFE|F|HC|2511,HC2511.SHF,HC511.SHF
SHFE|F|HC|2512,HC2512.SHF,HC512.SHF
SHFE|F|HC|2601,HC2601.SHF,HC601.SHF
SHFE|F|HC|2602,HC2602.SHF,HC602.SHF
SHFE|F|HC|2603,HC2603.SHF,HC603.SHF
SHFE|F|HC|2604,HC2604.SHF,HC604.SHF
SHFE|F|HC|2605,HC2605.SHF,HC605.SHF
SHFE|F|HC|2606,HC2606.SHF,HC606.SHF
SHFE|F|HC|2607,HC2607.SHF,HC607.SHF
SHFE|F|HC|2608,HC2608.SHF,HC608.SHF
SHFE|F|HC|2609,HC2609.SHF,HC609.SHF
SHFE|F|HC|2610,HC2610.SHF,HC610.SHF
SHFE|F|HC|2611,HC2611.SHF,HC611.SHF
SHFE|F|NI|2501,NI2501.SHF,NI501.SHF
SHFE|F|NI|2502,NI2502.SHF,NI502.SHF
SHFE|F|NI|2503,NI2503.SHF,NI503.SHF
SHFE|F|NI|2504,NI2504.SHF,NI504.SHF
SHFE|F|NI|2505,NI2505.SHF,NI505.SHF
SHFE|F|NI|2506,NI2506.SHF,NI506.SHF
SHFE|F|NI|2507,NI2507.SHF,NI507.SHF
SHFE|F|NI|2508,NI2508.SHF,NI508.SHF
SHFE|F|NI|2509,NI2509.SHF,NI509.SHF
SHFE|F|NI|2510,NI2510.SHF,NI510.SHF
SHFE|F|NI|2511,NI2511.SHF,NI511.SHF
SHFE|F|NI|2512,NI2512.SHF,NI512.SHF
SHFE|F|NI|2601,NI2601.SHF,NI601.SHF
SHFE|F|NI|2602,NI2602.SHF,NI602.SHF
SHFE|F|NI|2603,NI2603.SHF,NI603.SHF
SHFE|F|NI|2604,NI2604.SHF,NI604.SHF
SHFE|F|NI|2605,NI2605.SHF,NI605.SHF
SHFE|F|NI|2606,NI2606.SHF,NI606.SHF
SHFE|F|NI|2607,NI2607.SHF,NI607.SHF
SHFE|F|NI|2608,NI2608.SHF,NI608.SHF
SHFE|F|NI|2609,NI2609.SHF,NI609.SHF
SHFE|F|NI|2610,NI2610.SHF,NI610.SHF
SHFE|F|NI|2611,NI2611.SHF,NI611.SHF
SHFE|F|OP|2601,OP2601.SHF,OP601.SHF
SHFE|F|OP|2602,OP2602.SHF,OP602.SHF
SHFE|F|OP|2603,OP2603.SHF,OP603.SHF
SHFE|F|OP|2604,OP2604.SHF,OP604.SHF
SHFE|F|OP|2605,OP2605.SHF,OP605.SHF
SHFE|F|OP|2606,OP2606.SHF,OP606.SHF
SHFE|F|OP|2607,OP2607.SHF,OP607.SHF
SHFE|F|OP|2608,OP2608.SHF,OP608.SHF
SHFE|F|OP|2609,OP2609.SHF,OP609.SHF
SHFE|F|OP|2610,OP2610.SHF,OP610.SHF
SHFE|F|OP|2611,OP2611.SHF,OP611.SHF
SHFE|F|PB|2501,PB2501.SHF,PB501.SHF
SHFE|F|PB|2502,PB2502.SHF,PB502.SHF
SHFE|F|PB|2503,PB2503.SHF,PB503.SHF
SHFE|F|PB|2504,PB2504.SHF,PB504.SHF
SHFE|F|PB|2505,PB2505.SHF,PB505.SHF
SHFE|F|PB|2506,PB2506.SHF,PB506.SHF
SHFE|F|PB|2507,PB2507.SHF,PB507.SHF
SHFE|F|PB|2508,PB2508.SHF,PB508.SHF
SHFE|F|PB|2509,PB2509.SHF,PB509.SHF
SHFE|F|PB|2510,PB2510.SHF,PB510.SHF
SHFE|F|PB|2511,PB2511.SHF,PB511.SHF
SHFE|F|PB|2512,PB2512.SHF,PB512.SHF
SHFE|F|PB|2601,PB2601.SHF,PB601.SHF
SHFE|F|PB|2602,PB2602.SHF,PB602.SHF
SHFE|F|PB|2603,PB2603.SHF,PB603.SHF
SHFE|F|PB|2604,PB2604.SHF,PB604.SHF
SHFE|F|PB|2605,PB2605.SHF,PB605.SHF
SHFE|F|PB|2606,PB2606.SHF,PB606.SHF
SHFE|F|PB|2607,PB2607.SHF,PB607.SHF
SHFE|F|PB|2608,PB2608.SHF,PB608.SHF
SHFE|F|PB|2609,PB2609.SHF,PB609.SHF
SHFE|F|PB|2610,PB2610.SHF,PB610.SHF
SHFE|F|PB|2611,PB2611.SHF,PB611.SHF
SHFE|F|RB|2501,RB2501.SHF,RB501.SHF
SHFE|F|RB|2502,RB2502.SHF,RB502.SHF
SHFE|F|RB|2503,RB2503.SHF,RB503.SHF
SHFE|F|RB|2504,RB2504.SHF,RB504.SHF
SHFE|F|RB|2505,RB2505.SHF,RB505.SHF
SHFE|F|RB|2506,RB2506.SHF,RB506.SHF
SHFE|F|RB|2507,RB2507.SHF,RB507.SHF
SHFE|F|RB|2508,RB2508.SHF,RB508.SHF
SHFE|F|RB|2509,RB2509.SHF,RB509.SHF
SHFE|F|RB|2510,RB2510.SHF,RB510.SHF
SHFE|F|RB|2511,RB2511.SHF,RB511.SHF
SHFE|F|RB|2512,RB2512.SHF,RB512.SHF
SHFE|F|RB|2601,RB2601.SHF,RB601.SHF
SHFE|F|RB|2602,RB2602.SHF,RB602.SHF
SHFE|F|RB|2603,RB2603.SHF,RB603.SHF
SHFE|F|RB|2604,RB2604.SHF,RB604.SHF
SHFE|F|RB|2605,RB2605.SHF,RB605.SHF
SHFE|F|RB|2606,RB2606.SHF,RB606.SHF
SHFE|F|RB|2607,RB2607.SHF,RB607.SHF
SHFE|F|RB|2608,RB2608.SHF,RB608.SHF
SHFE|F|RB|2609,RB2609.SHF,RB609.SHF
SHFE|F|RB|2610,RB2610.SHF,RB610.SHF
SHFE|F|RB|2611,RB2611.SHF,RB611.SHF
SHFE|F|RU|2501,RU2501.SHF,RU501.SHF
SHFE|F|RU|2503,RU2503.SHF,RU503.SHF
SHFE|F|RU|2504,RU2504.SHF,RU504.SHF
SHFE|F|RU|2505,RU2505.SHF,RU505.SHF
SHFE|F|RU|2506,RU2506.SHF,RU506.SHF
SHFE|F|RU|2507,RU2507.SHF,RU507.SHF
SHFE|F|RU|2508,RU2508.SHF,RU508.SHF
SHFE|F|RU|2509,RU2509.SHF,RU509.SHF
SHFE|F|RU|2510,RU2510.SHF,RU510.SHF
SHFE|F|RU|2511,RU2511.SHF,RU511.SHF
SHFE|F|RU|2601,RU2601.SHF,RU601.SHF
SHFE|F|RU|2603,RU2603.SHF,RU603.SHF
SHFE|F|RU|2604,RU2604.SHF,RU604.SHF
SHFE|F|RU|2605,RU2605.SHF,RU605.SHF
SHFE|F|RU|2606,RU2606.SHF,RU606.SHF
SHFE|F|RU|2607,RU2607.SHF,RU607.SHF
SHFE|F|RU|2608,RU2608.SHF,RU608.SHF
SHFE|F|RU|2609,RU2609.SHF,RU609.SHF
SHFE|F|RU|2610,RU2610.SHF,RU610.SHF
SHFE|F|RU|2611,RU2611.SHF,RU611.SHF
SHFE|F|SN|2501,SN2501.SHF,SN501.SHF
SHFE|F|SN|2502,SN2502.SHF,SN502.SHF
SHFE|F|SN|2503,SN2503.SHF,SN503.SHF
SHFE|F|SN|2504,SN2504.SHF,SN504.SHF
SHFE|F|SN|2505,SN2505.SHF,SN505.SHF
SHFE|F|SN|2506,SN2506.SHF,SN506.SHF
SHFE|F|SN|2507,SN2507.SHF,SN507.SHF
SHFE|F|SN|2508,SN2508.SHF,SN508.SHF
SHFE|F|SN|2509,SN2509.SHF,SN509.SHF
SHFE|F|SN|2510,SN2510.SHF,SN510.SHF
SHFE|F|SN|2511,SN2511.SHF,SN511.SHF
SHFE|F|SN|2512,SN2512.SHF,SN512.SHF
SHFE|F|SN|2601,SN2601.SHF,SN601.SHF
SHFE|F|SN|2602,SN2602.SHF,SN602.SHF
SHFE|F|SN|2603,SN2603.SHF,SN603.SHF
SHFE|F|SN|2604,SN2604.SHF,SN604.SHF
SHFE|F|SN|2605,SN2605.SHF,SN605.SHF
SHFE|F|SN|2606,SN2606.SHF,SN606.SHF
SHFE|F|SN|2607,SN2607.SHF,SN607.SHF
SHFE|F|SN|2608,SN2608.SHF,SN608.SHF
SHFE|F|SN|2609,SN2609.SHF,SN609.SHF
SHFE|F|SN|2610,SN2610.SHF,SN610.SHF
SHFE|F|SN|2611,SN2611.SHF,SN611.SHF
SHFE|F|SP|2501,SP2501.SHF,SP501.SHF
SHFE|F|SP|2502,SP2502.SHF,SP502.SHF
SHFE|F|SP|2503,SP2503.SHF,SP503.SHF
SHFE|F|SP|2504,SP2504.SHF,SP504.SHF
SHFE|F|SP|2505,SP2505.SHF,SP505.SHF
SHFE|F|SP|2506,SP2506.SHF,SP506.SHF
SHFE|F|SP|2507,SP2507.SHF,SP507.SHF
SHFE|F|SP|2508,SP2508.SHF,SP508.SHF
SHFE|F|SP|2509,SP2509.SHF,SP509.SHF
SHFE|F|SP|2510,SP2510.SHF,SP510.SHF
SHFE|F|SP|2511,SP2511.SHF,SP511.SHF
SHFE|F|SP|2512,SP2512.SHF,SP512.SHF
SHFE|F|SP|2601,SP2601.SHF,SP601.SHF
SHFE|F|SP|2602,SP2602.SHF,SP602.SHF
SHFE|F|SP|2603,SP2603.SHF,SP603.SHF
SHFE|F|SP|2604,SP2604.SHF,SP604.SHF
SHFE|F|SP|2605,SP2605.SHF,SP605.SHF
SHFE|F|SP|2606,SP2606.SHF,SP606.SHF
SHFE|F|SP|2607,SP2607.SHF,SP607.SHF
SHFE|F|SP|2608,SP2608.SHF,SP608.SHF
SHFE|F|SP|2609,SP2609.SHF,SP609.SHF
SHFE|F|SP|2610,SP2610.SHF,SP610.SHF
SHFE|F|SP|2611,SP2611.SHF,SP611.SHF
SHFE|F|SS|2501,SS2501.SHF,SS501.SHF
SHFE|F|SS|2502,SS2502.SHF,SS502.SHF
SHFE|F|SS|2503,SS2503.SHF,SS503.SHF
SHFE|F|SS|2504,SS2504.SHF,SS504.SHF
SHFE|F|SS|2505,SS2505.SHF,SS505.SHF
SHFE|F|SS|2506,SS2506.SHF,SS506.SHF
SHFE|F|SS|2507,SS2507.SHF,SS507.SHF
SHFE|F|SS|2508,SS2508.SHF,SS508.SHF
SHFE|F|SS|2509,SS2509.SHF,SS509.SHF
SHFE|F|SS|2510,SS2510.SHF,SS510.SHF
SHFE|F|SS|2511,SS2511.SHF,SS511.SHF
SHFE|F|SS|2512,SS2512.SHF,SS512.SHF
SHFE|F|SS|2601,SS2601.SHF,SS601.SHF
SHFE|F|SS|2602,SS2602.SHF,SS602.SHF
SHFE|F|SS|2603,SS2603.SHF,SS603.SHF
SHFE|F|SS|2604,SS2604.SHF,SS604.SHF
SHFE|F|SS|2605,SS2605.SHF,SS605.SHF
SHFE|F|SS|2606,SS2606.SHF,SS606.SHF
SHFE|F|SS|2607,SS2607.SHF,SS607.SHF
SHFE|F|SS|2608,SS2608.SHF,SS608.SHF
SHFE|F|SS|2609,SS2609.SHF,SS609.SHF
SHFE|F|SS|2610,SS2610.SHF,SS610.SHF
SHFE|F|SS|2611,SS2611.SHF,SS611.SHF
SHFE|F|WR|2501,WR2501.SHF,WR501.SHF
SHFE|F|WR|2502,WR2502.SHF,WR502.SHF
SHFE|F|WR|2503,WR2503.SHF,WR503.SHF
SHFE|F|WR|2504,WR2504.SHF,WR504.SHF
SHFE|F|WR|2505,WR2505.SHF,WR505.SHF
SHFE|F|WR|2506,WR2506.SHF,WR506.SHF
SHFE|F|WR|2507,WR2507.SHF,WR507.SHF
SHFE|F|WR|2508,WR2508.SHF,WR508.SHF
SHFE|F|WR|2509,WR2509.SHF,WR509.SHF
SHFE|F|WR|2510,WR2510.SHF,WR510.SHF
SHFE|F|WR|2511,WR2511.SHF,WR511.SHF
SHFE|F|WR|2512,WR2512.SHF,WR512.SHF
SHFE|F|WR|2601,WR2601.SHF,WR601.SHF
SHFE|F|WR|2602,WR2602.SHF,WR602.SHF
SHFE|F|WR|2603,WR2603.SHF,WR603.SHF
SHFE|F|WR|2604,WR2604.SHF,WR604.SHF
SHFE|F|WR|2605,WR2605.SHF,WR605.SHF
SHFE|F|WR|2606,WR2606.SHF,WR606.SHF
SHFE|F|WR|2607,WR2607.SHF,WR607.SHF
SHFE|F|WR|2608,WR2608.SHF,WR608.SHF
SHFE|F|WR|2609,WR2609.SHF,WR609.SHF
SHFE|F|WR|2610,WR2610.SHF,WR610.SHF
SHFE|F|WR|2611,WR2611.SHF,WR611.SHF
SHFE|F|ZN|2501,ZN2501.SHF,ZN501.SHF
SHFE|F|ZN|2502,ZN2502.SHF,ZN502.SHF
SHFE|F|ZN|2503,ZN2503.SHF,ZN503.SHF
SHFE|F|ZN|2504,ZN2504.SHF,ZN504.SHF
SHFE|F|ZN|2505,ZN2505.SHF,ZN505.SHF
SHFE|F|ZN|2506,ZN2506.SHF,ZN506.SHF
SHFE|F|ZN|2507,ZN2507.SHF,ZN507.SHF
SHFE|F|ZN|2508,ZN2508.SHF,ZN508.SHF
SHFE|F|ZN|2509,ZN2509.SHF,ZN509.SHF
SHFE|F|ZN|2510,ZN2510.SHF,ZN510.SHF
SHFE|F|ZN|2511,ZN2511.SHF,ZN511.SHF
SHFE|F|ZN|2512,ZN2512.SHF,ZN512.SHF
SHFE|F|ZN|2601,ZN2601.SHF,ZN601.SHF
SHFE|F|ZN|2602,ZN2602.SHF,ZN602.SHF
SHFE|F|ZN|2603,ZN2603.SHF,ZN603.SHF
SHFE|F|ZN|2604,ZN2604.SHF,ZN604.SHF
SHFE|F|ZN|2605,ZN2605.SHF,ZN605.SHF
SHFE|F|ZN|2606,ZN2606.SHF,ZN606.SHF
SHFE|F|ZN|2607,ZN2607.SHF,ZN607.SHF
SHFE|F|ZN|2608,ZN2608.SHF,ZN608.SHF
SHFE|F|ZN|2609,ZN2609.SHF,ZN609.SHF
SHFE|F|ZN|2610,ZN2610.SHF,ZN610.SHF
SHFE|F|ZN|2611,ZN2611.SHF,ZN611.SHF
